cost,cost_source,input_tokens,model,num_retries,output_tokens,run_id,runtime_s,success,timestamp,task
0.003365,provider,1423,gpt_5_5_parser,1,67,p5__B,1.2993940840001414,True,1783558707.307442,vortex_open_detection_strict_parser
0.003455,provider,1423,gpt_5_5_parser,1,70,p5__B,1.30652887500014,True,1783558707.31322,vortex_open_detection_strict_parser
0.009125,provider,1423,gpt_5_5_parser,1,67,p5__B,1.3499373750000814,True,1783558707.357331,vortex_open_detection_strict_parser
0.009215,provider,1423,gpt_5_5_parser,1,70,p5__B,1.4824590419998458,True,1783558707.487911,vortex_open_detection_strict_parser
0.003455,provider,1423,gpt_5_5_parser,1,70,p5__B,1.8037662500000806,True,1783558707.8107898,vortex_open_detection_strict_parser
0.009215,provider,1423,gpt_5_5_parser,1,70,p5__B,1.9284235410000292,True,1783558707.9359932,vortex_open_detection_strict_parser
0.003175,provider,1421,gpt_5_5_parser,1,61,p5__B,2.0606540000001132,True,1783558708.069985,vortex_open_detection_strict_parser
0.008965,provider,1421,gpt_5_5_parser,1,62,p5__B,2.1928888749998805,True,1783558708.2031832,vortex_open_detection_strict_parser
0.003335,provider,1423,gpt_5_5_parser,1,66,p5__B,1.4306704999999056,True,1783558708.7456589,vortex_open_detection_strict_parser
0.010745,provider,1429,gpt_5_5_parser,1,120,p5__B,2.305413667000039,True,1783558709.6225889,vortex_open_detection_strict_parser
0.009585,provider,1431,gpt_5_5_parser,1,81,p5__B,1.9490685830000984,True,1783558692.5345988,vortex_open_detection_strict_parser
0.008875,provider,1421,gpt_5_5_parser,1,59,p5__B,2.0565070410000317,True,1783558692.639335,vortex_open_detection_strict_parser
0.005175,provider,1431,gpt_5_5_parser,1,126,p5__B,2.2287592919999497,True,1783558692.810194,vortex_open_detection_strict_parser
0.008935,provider,1421,gpt_5_5_parser,1,61,p5__B,3.057678709000129,True,1783558693.6374872,vortex_open_detection_strict_parser
0.011055,provider,1431,gpt_5_5_parser,1,130,p5__B,2.63666575000002,True,1783558695.177296,vortex_open_detection_strict_parser
0.01387,provider,1430,gpt_5_5_parser,1,224,p5__B,4.754866917000072,True,1783558695.336954,vortex_open_detection_strict_parser
0.019305,provider,1437,gpt_5_5_parser,1,404,p5__B,5.821033582999917,True,1783558696.404922,vortex_open_detection_strict_parser
0.019305,provider,1431,gpt_5_5_parser,1,405,p5__B,5.984324792000052,True,1783558696.565204,vortex_open_detection_strict_parser
0.013875,provider,1431,gpt_5_5_parser,1,224,p5__B,7.1370052910001505,True,1783558699.781077,vortex_open_detection_strict_parser
0.010725,provider,1431,gpt_5_5_parser,1,119,p5__B,15.411716333000186,True,1783558705.9964721,vortex_open_detection_strict_parser
0.008935,provider,1421,gpt_5_5_parser,1,61,p5__B,1.3752354170001126,True,1783558686.3220239,vortex_open_detection_strict_parser
0.003175,provider,1421,gpt_5_5_parser,1,61,p5__B,1.5023550410001008,True,1783558686.45033,vortex_open_detection_strict_parser
0.003175,provider,1421,gpt_5_5_parser,1,61,p5__B,1.504833250000047,True,1783558686.454956,vortex_open_detection_strict_parser
0.003175,provider,1421,gpt_5_5_parser,1,61,p5__B,1.5475354169998354,True,1783558686.4915001,vortex_open_detection_strict_parser
0.003115,provider,1421,gpt_5_5_parser,1,59,p5__B,1.7024929159999829,True,1783558686.64737,vortex_open_detection_strict_parser
0.003175,provider,1421,gpt_5_5_parser,1,61,p5__B,2.0144822919999115,True,1783558686.9589279,vortex_open_detection_strict_parser
0.003115,provider,1421,gpt_5_5_parser,1,59,p5__B,2.7763776249998955,True,1783558687.724268,vortex_open_detection_strict_parser
0.003115,provider,1421,gpt_5_5_parser,1,59,p5__B,1.4815876659999958,True,1783558687.9389582,vortex_open_detection_strict_parser
0.008875,provider,1421,gpt_5_5_parser,1,59,p5__B,2.0361309590000474,True,1783558688.3643332,vortex_open_detection_strict_parser
0.016765,provider,1433,gpt_5_5_parser,1,320,p5__B,5.62214999999992,True,1783558690.570976,vortex_open_detection_strict_parser
0.013938,provider,2631,gemini_3_1_pro,1,723,p1__B,8.586454125,True,1783556474.221083,vortex_closed_binary
0.014418,provider,2631,gemini_3_1_pro,1,763,p1__B,8.598799458999999,True,1783556474.238753,vortex_closed_binary
0.015954,provider,2631,gemini_3_1_pro,1,891,p1__B,9.481305334000002,True,1783556475.1455941,vortex_closed_binary
0.018258,provider,2631,gemini_3_1_pro,1,1083,p1__B,11.823370915999998,True,1783556477.475691,vortex_closed_binary
0.018462,provider,2631,gemini_3_1_pro,1,1100,p1__B,11.943834207999998,True,1783556477.613325,vortex_closed_binary
0.02151,provider,2631,gemini_3_1_pro,1,1354,p1__B,13.500256666999999,True,1783556479.158156,vortex_closed_binary
0.021486,provider,2631,gemini_3_1_pro,1,1352,p1__B,14.821356708,True,1783556480.4502988,vortex_closed_binary
0.01731,provider,2631,gemini_3_1_pro,1,1004,p1__B,10.364250583,True,1783556484.622734,vortex_closed_binary
0.017958,provider,2631,gemini_3_1_pro,1,1058,p1__B,10.940393082999996,True,1783556485.19564,vortex_closed_binary
0.131328,provider,15786,gemini_3_1_pro,6,8313,p1__B,14.287210624999986,False,1783556587.775666,vortex_closed_binary
0.05471,provider,10372,claude_opus_4_8,1,114,p1__B,4.870134084000001,True,1783556461.044207,vortex_closed_binary
0.055185,provider,10372,claude_opus_4_8,1,133,p1__B,4.902314833999999,True,1783556461.051887,vortex_closed_binary
0.05491,provider,10372,claude_opus_4_8,1,122,p1__B,4.894555292000001,True,1783556461.083793,vortex_closed_binary
0.054935,provider,10372,claude_opus_4_8,1,123,p1__B,4.986956083999999,True,1783556461.1653252,vortex_closed_binary
0.05531,provider,10372,claude_opus_4_8,1,138,p1__B,5.238816417000001,True,1783556461.3927639,vortex_closed_binary
0.054735,provider,10372,claude_opus_4_8,1,115,p1__B,5.257683042,True,1783556461.442972,vortex_closed_binary
0.055035,provider,10372,claude_opus_4_8,1,127,p1__B,5.481862624999999,True,1783556461.652864,vortex_closed_binary
0.05466,provider,10372,claude_opus_4_8,1,112,p1__B,5.758466459,True,1783556461.921729,vortex_closed_binary
0.05521,provider,10372,claude_opus_4_8,1,134,p1__B,4.242333249999998,True,1783556465.319349,vortex_closed_binary
0.054735,provider,10372,claude_opus_4_8,1,115,p1__B,4.526347667000001,True,1783556465.59725,vortex_closed_binary
0.000672217,provider,5481,qwen3_vl,1,68,p1__B,2.311130666,True,1783556452.745755,vortex_closed_binary
0.000672217,provider,5481,qwen3_vl,1,68,p1__B,2.5608696670000004,True,1783556452.7909691,vortex_closed_binary
0.000672217,provider,5481,qwen3_vl,1,68,p1__B,2.3944175000000003,True,1783556452.8610299,vortex_closed_binary
0.000672217,provider,5481,qwen3_vl,1,68,p1__B,2.657703042,True,1783556452.9029,vortex_closed_binary
0.000672217,provider,5481,qwen3_vl,1,68,p1__B,2.699888166,True,1783556452.937249,vortex_closed_binary
0.000672217,provider,5481,qwen3_vl,1,68,p1__B,2.536384333,True,1783556452.9618711,vortex_closed_binary
0.000672217,provider,5481,qwen3_vl,1,68,p1__B,2.8748373750000003,True,1783556453.232109,vortex_closed_binary
0.000676312,provider,5481,qwen3_vl,1,77,p1__B,2.3532427909999996,True,1783556455.324063,vortex_closed_binary
0.000672217,provider,5481,qwen3_vl,1,68,p1__B,2.408073583,True,1783556455.4089751,vortex_closed_binary
0.00516775,provider,20476,qwen3_vl,1,65,p1__B,5.614536375,True,1783556456.1204429,vortex_closed_binary
0.01011,provider,1566,gpt_5_5_parser,1,76,p4__V2,1.9061799999999494,True,1783558676.0045598,vortex_open_detection_free_parser
0.009995,provider,1549,gpt_5_5_parser,1,75,p4__V2,1.9373636669999996,True,1783558676.0368252,vortex_open_detection_free_parser
0.00999,provider,1548,gpt_5_5_parser,1,75,p4__V2,1.945219957999825,True,1783558676.043536,vortex_open_detection_free_parser
0.01007,provider,1552,gpt_5_5_parser,1,77,p4__V2,2.084431499999937,True,1783558676.182167,vortex_open_detection_free_parser
0.00991,provider,1550,gpt_5_5_parser,1,72,p4__V2,2.0936764579998908,True,1783558676.1954958,vortex_open_detection_free_parser
0.01006,provider,1538,gpt_5_5_parser,1,79,p4__V2,2.109999000000016,True,1783558676.21067,vortex_open_detection_free_parser
0.010115,provider,1555,gpt_5_5_parser,1,78,p4__V2,2.2716291670001283,True,1783558676.3695,vortex_open_detection_free_parser
0.01011,provider,1566,gpt_5_5_parser,1,76,p4__V2,2.1948417080000127,True,1783558678.206155,vortex_open_detection_free_parser
0.010045,provider,1547,gpt_5_5_parser,1,77,p4__V2,2.206630708000148,True,1783558678.2477682,vortex_open_detection_free_parser
0.02726,provider,1504,gpt_5_5_parser,1,658,p4__V2,10.831721833000074,True,1783558684.934347,vortex_open_detection_free_parser
0.01028,provider,1588,gpt_5_5_parser,1,78,p4__V2,2.27183500000001,True,1783558643.055019,vortex_open_detection_free_parser
0.01003,provider,1568,gpt_5_5_parser,1,73,p4__V2,2.3945710830000735,True,1783558643.180802,vortex_open_detection_free_parser
0.010485,provider,1605,gpt_5_5_parser,1,82,p4__V2,2.4368181250001726,True,1783558643.217824,vortex_open_detection_free_parser
0.010545,provider,1617,gpt_5_5_parser,1,82,p4__V2,2.99655520899978,True,1783558643.781253,vortex_open_detection_free_parser
0.02917,provider,1628,gpt_5_5_parser,1,701,p4__V2,11.049230500000021,True,1783558651.833091,vortex_open_detection_free_parser
0.03003,provider,1674,gpt_5_5_parser,1,722,p4__V2,11.052801583000019,True,1783558651.837313,vortex_open_detection_free_parser
0.028625,provider,1657,gpt_5_5_parser,1,678,p4__V2,23.010553416999983,True,1783558663.796323,vortex_open_detection_free_parser
0.02528,provider,1600,gpt_5_5_parser,1,576,p4__V2,23.424716250000074,True,1783558666.4865139,vortex_open_detection_free_parser
0.0316,provider,1652,gpt_5_5_parser,1,778,p4__V2,28.092738416999964,True,1783558668.878137,vortex_open_detection_free_parser
0.034455,provider,1653,gpt_5_5_parser,1,873,p4__V2,30.90185058299994,True,1783558674.088609,vortex_open_detection_free_parser
0.009885,provider,1521,gpt_5_5_parser,1,76,p4__V2,1.63304070900017,True,1783558638.904361,vortex_open_detection_free_parser
0.009885,provider,1521,gpt_5_5_parser,1,76,p4__V2,1.6546982910001589,True,1783558638.92373,vortex_open_detection_free_parser
0.009765,provider,1521,gpt_5_5_parser,1,72,p4__V2,1.7144291670001621,True,1783558638.980431,vortex_open_detection_free_parser
0.009795,provider,1521,gpt_5_5_parser,1,73,p4__V2,1.7395151250000254,True,1783558639.005207,vortex_open_detection_free_parser
0.010065,provider,1521,gpt_5_5_parser,1,82,p4__V2,1.7800008750000416,True,1783558639.049222,vortex_open_detection_free_parser
0.009795,provider,1521,gpt_5_5_parser,1,73,p4__V2,2.0802563749998626,True,1783558639.349055,vortex_open_detection_free_parser
0.009765,provider,1521,gpt_5_5_parser,1,72,p4__V2,2.148948707999807,True,1783558639.419127,vortex_open_detection_free_parser
0.009945,provider,1521,gpt_5_5_parser,1,78,p4__V2,2.189590916000043,True,1783558639.459161,vortex_open_detection_free_parser
0.00962,provider,1480,gpt_5_5_parser,1,74,p4__V2,1.7267606660000183,True,1783558640.6369128,vortex_open_detection_free_parser
0.00972,provider,1506,gpt_5_5_parser,1,73,p4__V2,1.845553541000072,True,1783558640.773557,vortex_open_detection_free_parser
0.017204,provider,2596,gemini_3_1_pro,1,1001,p4__V2,9.605103084000007,True,1783558469.00895,vortex_open_detection_free
0.018848,provider,2596,gemini_3_1_pro,1,1138,p4__V2,10.841788749999978,True,1783558470.261547,vortex_open_detection_free
0.01724,provider,2596,gemini_3_1_pro,1,1004,p4__V2,11.208267958999954,True,1783558470.6165,vortex_open_detection_free
0.019748,provider,2596,gemini_3_1_pro,1,1213,p4__V2,11.31568920799998,True,1783558470.707454,vortex_open_detection_free
0.01862,provider,2596,gemini_3_1_pro,1,1119,p4__V2,12.414501875000042,True,1783558471.838819,vortex_open_detection_free
0.013148,provider,2596,gemini_3_1_pro,1,663,p4__V2,12.633935833999999,True,1783558472.028221,vortex_open_detection_free
0.014888,provider,2596,gemini_3_1_pro,1,808,p4__V2,8.334725082999853,True,1783558478.620269,vortex_open_detection_free
0.017936,provider,2596,gemini_3_1_pro,1,1062,p4__V2,10.050295541999844,True,1783558479.0922759,vortex_open_detection_free
0.04258,provider,5192,gemini_3_1_pro,2,2683,p4__V2,13.54143924999994,True,1783558488.697821,vortex_open_detection_free
0.043168,provider,5192,gemini_3_1_pro,2,2732,p4__V2,13.30488483399995,True,1783558489.150442,vortex_open_detection_free
0.058775,provider,10295,claude_opus_4_8,1,292,p4__V2,6.099272583000015,True,1783558448.903956,vortex_open_detection_free
0.058,provider,10295,claude_opus_4_8,1,261,p4__V2,7.009867333999978,True,1783558449.824563,vortex_open_detection_free
0.0599,provider,10295,claude_opus_4_8,1,337,p4__V2,7.033492167000077,True,1783558449.827657,vortex_open_detection_free
0.059475,provider,10295,claude_opus_4_8,1,320,p4__V2,7.425005791999979,True,1783558450.2587452,vortex_open_detection_free
0.06105,provider,10295,claude_opus_4_8,1,383,p4__V2,8.362270500000022,True,1783558451.188256,vortex_open_detection_free
0.060775,provider,10295,claude_opus_4_8,1,372,p4__V2,8.410602416000074,True,1783558451.2067788,vortex_open_detection_free
0.061575,provider,10295,claude_opus_4_8,1,404,p4__V2,8.598923375000027,True,1783558451.4095192,vortex_open_detection_free
0.057375,provider,10295,claude_opus_4_8,1,236,p4__V2,9.256780375000062,True,1783558452.0767722,vortex_open_detection_free
0.058725,provider,10295,claude_opus_4_8,1,290,p4__V2,6.452902915999971,True,1783558456.300214,vortex_open_detection_free
0.0609,provider,10295,claude_opus_4_8,1,377,p4__V2,10.422124625000038,True,1783558459.359,vortex_open_detection_free
0.000695032,provider,5466,qwen3_vl,1,122,p4__V2,1.9433912499999906,True,1783558440.77618,vortex_open_detection_free
0.000695032,provider,5466,qwen3_vl,1,122,p4__V2,2.0449055420000377,True,1783558440.8528051,vortex_open_detection_free
0.000695032,provider,5466,qwen3_vl,1,122,p4__V2,2.1385673339999585,True,1783558440.9395561,vortex_open_detection_free
0.000695032,provider,5466,qwen3_vl,1,122,p4__V2,2.249803707999945,True,1783558441.087753,vortex_open_detection_free
0.000695032,provider,5466,qwen3_vl,1,122,p4__V2,2.291892542000028,True,1783558441.1059651,vortex_open_detection_free
0.000695032,provider,5466,qwen3_vl,1,122,p4__V2,2.3557065830000283,True,1783558441.154699,vortex_open_detection_free
0.000695032,provider,5466,qwen3_vl,1,122,p4__V2,2.553289542000016,True,1783558441.375696,vortex_open_detection_free
0.000695032,provider,5466,qwen3_vl,1,122,p4__V2,2.6602715829999397,True,1783558441.486048,vortex_open_detection_free
0.000675922,provider,5466,qwen3_vl,1,80,p4__V2,1.4000336670000024,True,1783558442.208359,vortex_open_detection_free
0.000687752,provider,5466,qwen3_vl,1,106,p4__V2,1.889059833000033,True,1783558442.7587872,vortex_open_detection_free
0.007205,provider,1075,gpt_5_5_parser,1,61,p5__V2,2.0829446669999925,True,1783558768.937689,vortex_open_detection_strict_parser
0.007135,provider,1073,gpt_5_5_parser,1,59,p5__V2,2.0959997919999296,True,1783558768.953281,vortex_open_detection_strict_parser
0.007135,provider,1073,gpt_5_5_parser,1,59,p5__V2,2.1208535830000983,True,1783558768.97827,vortex_open_detection_strict_parser
0.007205,provider,1075,gpt_5_5_parser,1,61,p5__V2,2.1328457920001256,True,1783558768.9858072,vortex_open_detection_strict_parser
0.007325,provider,1075,gpt_5_5_parser,1,65,p5__V2,2.3092861670002094,True,1783558769.166235,vortex_open_detection_strict_parser
0.007415,provider,1075,gpt_5_5_parser,1,68,p5__V2,2.3898522909998974,True,1783558769.246411,vortex_open_detection_strict_parser
0.007505,provider,1075,gpt_5_5_parser,1,71,p5__V2,2.4905705419998867,True,1783558769.347976,vortex_open_detection_strict_parser
0.008645,provider,1075,gpt_5_5_parser,1,109,p5__V2,3.58380666700009,True,1783558770.440346,vortex_open_detection_strict_parser
0.007445,provider,1075,gpt_5_5_parser,1,69,p5__V2,2.2933989589998873,True,1783558771.238443,vortex_open_detection_strict_parser
0.008525,provider,1081,gpt_5_5_parser,1,104,p5__V2,2.863669750000099,True,1783558771.8225868,vortex_open_detection_strict_parser
0.007135,provider,1073,gpt_5_5_parser,1,59,p5__V2,1.5240600000001905,True,1783558750.984052,vortex_open_detection_strict_parser
0.007135,provider,1073,gpt_5_5_parser,1,59,p5__V2,1.6421106249999866,True,1783558751.1053739,vortex_open_detection_strict_parser
0.007815,provider,1083,gpt_5_5_parser,1,80,p5__V2,2.047736708000002,True,1783558753.1593442,vortex_open_detection_strict_parser
0.01414,provider,1082,gpt_5_5_parser,1,291,p5__V2,5.352734708000071,True,1783558754.8130271,vortex_open_detection_strict_parser
0.017595,provider,1083,gpt_5_5_parser,1,406,p5__V2,6.833631999999852,True,1783558756.299018,vortex_open_detection_strict_parser
0.018765,provider,1089,gpt_5_5_parser,1,444,p5__V2,7.99889033300019,True,1783558757.462046,vortex_open_detection_strict_parser
0.020415,provider,1083,gpt_5_5_parser,1,500,p5__V2,8.197086958,True,1783558757.658155,vortex_open_detection_strict_parser
0.018525,provider,1083,gpt_5_5_parser,1,437,p5__V2,7.036502708000171,True,1783558758.026814,vortex_open_detection_strict_parser
0.020295,provider,1083,gpt_5_5_parser,1,496,p5__V2,8.716880958000047,True,1783558758.181607,vortex_open_detection_strict_parser
0.018135,provider,1083,gpt_5_5_parser,1,424,p5__V2,17.383329041000025,True,1783558766.8450959,vortex_open_detection_strict_parser
0.007135,provider,1073,gpt_5_5_parser,1,59,p5__V2,2.2003641669998615,True,1783558745.821362,vortex_open_detection_strict_parser
0.007135,provider,1073,gpt_5_5_parser,1,59,p5__V2,2.2050569579998864,True,1783558745.82739,vortex_open_detection_strict_parser
0.007135,provider,1073,gpt_5_5_parser,1,59,p5__V2,2.2462620419998984,True,1783558745.869835,vortex_open_detection_strict_parser
0.007135,provider,1073,gpt_5_5_parser,1,59,p5__V2,2.506730999999945,True,1783558746.128184,vortex_open_detection_strict_parser
0.007135,provider,1073,gpt_5_5_parser,1,59,p5__V2,2.5864794589999747,True,1783558746.209902,vortex_open_detection_strict_parser
0.007135,provider,1073,gpt_5_5_parser,1,59,p5__V2,2.9219817499999863,True,1783558746.547762,vortex_open_detection_strict_parser
0.007135,provider,1073,gpt_5_5_parser,1,59,p5__V2,1.5331467089999933,True,1783558747.362103,vortex_open_detection_strict_parser
0.007135,provider,1073,gpt_5_5_parser,1,59,p5__V2,1.6601181250000536,True,1783558747.4932969,vortex_open_detection_strict_parser
0.015685,provider,1085,gpt_5_5_parser,1,342,p5__V2,5.48103408399993,True,1783558749.107849,vortex_open_detection_strict_parser
0.007135,provider,1073,gpt_5_5_parser,1,59,p5__V2,5.825260791999881,True,1783558749.4500449,vortex_open_detection_strict_parser
0.013466,provider,2659,gemini_3_1_pro,1,679,p1__V2,8.074778584,True,1783558062.772407,vortex_closed_binary
0.015002,provider,2659,gemini_3_1_pro,1,807,p1__V2,9.899489833000075,True,1783558064.5923798,vortex_closed_binary
0.01763,provider,2659,gemini_3_1_pro,1,1026,p1__V2,10.70607587500001,True,1783558065.4127731,vortex_closed_binary
0.017774,provider,2659,gemini_3_1_pro,1,1038,p1__V2,11.370450791000053,True,1783558066.092426,vortex_closed_binary
0.018842,provider,2659,gemini_3_1_pro,1,1127,p1__V2,11.435779249999996,True,1783558066.152221,vortex_closed_binary
0.020846,provider,2659,gemini_3_1_pro,1,1294,p1__V2,12.687384749999978,True,1783558067.4206998,vortex_closed_binary
0.01529,provider,2659,gemini_3_1_pro,1,831,p1__V2,8.522208750000004,True,1783558071.327877,vortex_closed_binary
0.016226,provider,2659,gemini_3_1_pro,1,909,p1__V2,9.814791541999966,True,1783558074.42786,vortex_closed_binary
0.043576000000000004,provider,5318,gemini_3_1_pro,2,2745,p1__V2,13.548364250000077,True,1783558083.6203241,vortex_closed_binary
0.065322,provider,7977,gemini_3_1_pro,3,4114,p1__V2,13.696536082999955,True,1783558102.5219,vortex_closed_binary
0.05509,provider,10403,claude_opus_4_8,2,123,p1__V2,5.229355749999968,True,1783558049.129976,vortex_closed_binary
0.05509,provider,10403,claude_opus_4_8,2,123,p1__V2,4.555463791000079,True,1783558049.3104498,vortex_closed_binary
0.05539,provider,10403,claude_opus_4_8,2,135,p1__V2,5.648115917000041,True,1783558049.954459,vortex_closed_binary
0.05524,provider,10403,claude_opus_4_8,2,129,p1__V2,4.356087417000026,True,1783558051.277174,vortex_closed_binary
0.055465,provider,10403,claude_opus_4_8,2,138,p1__V2,4.372424000000024,True,1783558051.524267,vortex_closed_binary
0.05524,provider,10403,claude_opus_4_8,2,129,p1__V2,4.244122667000056,True,1783558051.658489,vortex_closed_binary
0.05464,provider,10403,claude_opus_4_8,2,105,p1__V2,5.039788375000057,True,1783558051.949537,vortex_closed_binary
0.05529,provider,10403,claude_opus_4_8,2,131,p1__V2,5.110951749999913,True,1783558052.173994,vortex_closed_binary
0.054965,provider,10403,claude_opus_4_8,1,118,p1__V2,4.507806916999925,True,1783558053.842756,vortex_closed_binary
0.055515,provider,10403,claude_opus_4_8,1,140,p1__V2,5.493642000000023,True,1783558054.6606238,vortex_closed_binary
0.00517375,provider,20503,qwen3_vl,1,64,p1__V2,6.004069249999986,True,1783556793.723735,vortex_closed_binary
0.000674466,provider,5508,qwen3_vl,1,66,p1__V2,1.5336974999999882,True,1783556795.288571,vortex_closed_binary
0.000671736,provider,5508,qwen3_vl,1,60,p1__V2,1.1404656249999903,True,1783556796.442997,vortex_closed_binary
0.00518125,provider,20503,qwen3_vl,2,74,p1__V2,9.60612949999998,True,1783556800.33152,vortex_closed_binary
0.0025747,provider,20503,qwen3_vl,2,93,p1__V2,9.769265791999999,True,1783556800.429034,vortex_closed_binary
0.000677196,provider,5508,qwen3_vl,2,72,p1__V2,9.675360249999983,True,1783556800.577709,vortex_closed_binary
0.000674466,provider,5508,qwen3_vl,2,66,p1__V2,1.5636310000000435,True,1783557455.643167,vortex_closed_binary
0.000674466,provider,5508,qwen3_vl,2,66,p1__V2,2.1284905409999624,True,1783557455.946531,vortex_closed_binary
0.000674466,provider,5508,qwen3_vl,2,66,p1__V2,2.2159046660000286,True,1783557456.0395079,vortex_closed_binary
0.00517825,provider,20503,qwen3_vl,2,70,p1__V2,7.71818695799999,True,1783557461.352911,vortex_closed_binary
0.00716,provider,1036,gpt_5_5_parser,1,66,p6__V1,1.8074109579999913,True,1783558844.0685408,vortex_open_detection_free_parser
0.00742,provider,1046,gpt_5_5_parser,1,73,p6__V1,1.955606416000137,True,1783558844.218071,vortex_open_detection_free_parser
0.00731,provider,1030,gpt_5_5_parser,1,72,p6__V1,2.064955417000192,True,1783558844.3260238,vortex_open_detection_free_parser
0.00736,provider,1040,gpt_5_5_parser,1,72,p6__V1,2.14797020900005,True,1783558844.407294,vortex_open_detection_free_parser
0.00729,provider,1044,gpt_5_5_parser,1,69,p6__V1,2.2614117079999687,True,1783558844.524555,vortex_open_detection_free_parser
0.007635,provider,1047,gpt_5_5_parser,1,80,p6__V1,2.6219123749999653,True,1783558844.8857532,vortex_open_detection_free_parser
0.008355,provider,1047,gpt_5_5_parser,1,104,p6__V1,2.9030303330000606,True,1783558845.163231,vortex_open_detection_free_parser
0.007565,provider,1057,gpt_5_5_parser,1,76,p6__V1,1.7053242090000822,True,1783558845.928985,vortex_open_detection_free_parser
0.00755,provider,1054,gpt_5_5_parser,1,76,p6__V1,1.912818666000021,True,1783558845.988126,vortex_open_detection_free_parser
0.008755,provider,1049,gpt_5_5_parser,1,117,p6__V1,3.7805172500000026,True,1783558846.0390432,vortex_open_detection_free_parser
0.01464,provider,1122,gpt_5_5_parser,1,301,p6__V1,6.3354320000000826,True,1783558816.623965,vortex_open_detection_free_parser
0.021405,provider,1137,gpt_5_5_parser,1,524,p6__V1,9.005726291999963,True,1783558819.2902,vortex_open_detection_free_parser
0.02278,provider,1148,gpt_5_5_parser,1,568,p6__V1,9.411956417000056,True,1783558819.699399,vortex_open_detection_free_parser
0.02815,provider,1154,gpt_5_5_parser,1,746,p6__V1,10.093905750000204,True,1783558820.383231,vortex_open_detection_free_parser
0.02493,provider,1116,gpt_5_5_parser,1,645,p6__V1,10.986927832999982,True,1783558827.616859,vortex_open_detection_free_parser
0.0191,provider,1126,gpt_5_5_parser,1,449,p6__V1,17.827951583999948,True,1783558828.113277,vortex_open_detection_free_parser
0.02073,provider,1134,gpt_5_5_parser,1,502,p6__V1,18.72868541699995,True,1783558829.015085,vortex_open_detection_free_parser
0.027575,provider,1147,gpt_5_5_parser,1,728,p6__V1,23.746860583999933,True,1783558834.034126,vortex_open_detection_free_parser
0.02962,provider,1184,gpt_5_5_parser,1,790,p6__V1,25.48353350000002,True,1783558835.773477,vortex_open_detection_free_parser
0.02822,provider,1144,gpt_5_5_parser,1,750,p6__V1,22.953290874999993,True,1783558842.2500212,vortex_open_detection_free_parser
0.00752,provider,1042,gpt_5_5_parser,1,77,p6__V1,1.7911978750000799,True,1783558807.203674,vortex_open_detection_free_parser
0.00774,provider,1056,gpt_5_5_parser,1,82,p6__V1,1.7949945829998342,True,1783558807.209514,vortex_open_detection_free_parser
0.007805,provider,1081,gpt_5_5_parser,1,80,p6__V1,1.9098785409998982,True,1783558807.324147,vortex_open_detection_free_parser
0.00765,provider,1056,gpt_5_5_parser,1,79,p6__V1,1.9233407910001006,True,1783558807.333141,vortex_open_detection_free_parser
0.008235,provider,1053,gpt_5_5_parser,1,99,p6__V1,2.0856102909999663,True,1783558807.49789,vortex_open_detection_free_parser
0.00755,provider,1060,gpt_5_5_parser,1,75,p6__V1,2.301148875000081,True,1783558807.710932,vortex_open_detection_free_parser
0.00839,provider,1042,gpt_5_5_parser,1,106,p6__V1,3.1701696249999713,True,1783558808.5842261,vortex_open_detection_free_parser
0.00803,provider,1048,gpt_5_5_parser,1,93,p6__V1,3.335538334000148,True,1783558808.745942,vortex_open_detection_free_parser
0.007675,provider,1061,gpt_5_5_parser,1,79,p6__V1,2.1412996669998847,True,1783558809.353448,vortex_open_detection_free_parser
0.00859,provider,1070,gpt_5_5_parser,1,108,p6__V1,3.060416832999863,True,1783558810.2742789,vortex_open_detection_free_parser
0.00966,provider,1488,gpt_5_5_parser,1,74,p6__B,1.6391247499998371,True,1783558801.998372,vortex_open_detection_free_parser
0.009835,provider,1487,gpt_5_5_parser,1,80,p6__B,1.8885052919999907,True,1783558802.245933,vortex_open_detection_free_parser
0.009715,provider,1481,gpt_5_5_parser,1,77,p6__B,1.8918139160000464,True,1783558802.250701,vortex_open_detection_free_parser
0.0099,provider,1488,gpt_5_5_parser,1,82,p6__B,1.9897577500000807,True,1783558802.345509,vortex_open_detection_free_parser
0.00985,provider,1490,gpt_5_5_parser,1,80,p6__B,2.1195073749997846,True,1783558802.47375,vortex_open_detection_free_parser
0.009795,provider,1485,gpt_5_5_parser,1,79,p6__B,2.1472783750000417,True,1783558802.5053492,vortex_open_detection_free_parser
0.009485,provider,1477,gpt_5_5_parser,1,70,p6__B,2.5887848750001012,True,1783558802.945537,vortex_open_detection_free_parser
0.009665,provider,1495,gpt_5_5_parser,1,73,p6__B,1.8988815000000159,True,1783558803.903847,vortex_open_detection_free_parser
0.00989,provider,1498,gpt_5_5_parser,1,80,p6__B,2.4925362500000574,True,1783558804.745451,vortex_open_detection_free_parser
0.009515,provider,1471,gpt_5_5_parser,1,72,p6__B,5.043293208000023,True,1783558805.4005802,vortex_open_detection_free_parser
0.02027,provider,1588,gpt_5_5_parser,1,411,p6__B,7.326403459000176,True,1783558785.770167,vortex_open_detection_free_parser
0.028115,provider,1567,gpt_5_5_parser,1,676,p6__B,9.088665750000018,True,1783558787.5312,vortex_open_detection_free_parser
0.029125,provider,1625,gpt_5_5_parser,1,700,p6__B,9.304346957999996,True,1783558787.750085,vortex_open_detection_free_parser
0.024105,provider,1575,gpt_5_5_parser,1,541,p6__B,9.53153279199978,True,1783558787.974401,vortex_open_detection_free_parser
0.021195,provider,1563,gpt_5_5_parser,1,446,p6__B,9.978656,True,1783558788.42459,vortex_open_detection_free_parser
0.027895,provider,1595,gpt_5_5_parser,1,664,p6__B,10.016050375000077,True,1783558788.4602938,vortex_open_detection_free_parser
0.027265,provider,1589,gpt_5_5_parser,1,644,p6__B,10.096931375000167,True,1783558788.54193,vortex_open_detection_free_parser
0.023595,provider,1557,gpt_5_5_parser,1,527,p6__B,8.94001808400003,True,1783558794.7173219,vortex_open_detection_free_parser
0.029675,provider,1585,gpt_5_5_parser,1,725,p6__B,11.136928375000025,True,1783558798.674515,vortex_open_detection_free_parser
0.02373,provider,1578,gpt_5_5_parser,1,528,p6__B,21.901132250000046,True,1783558800.343526,vortex_open_detection_free_parser
0.009845,provider,1489,gpt_5_5_parser,1,80,p6__B,1.7737317910000456,True,1783558773.605721,vortex_open_detection_free_parser
0.0099,provider,1494,gpt_5_5_parser,1,81,p6__B,1.7880438330000743,True,1783558773.621422,vortex_open_detection_free_parser
0.009945,provider,1497,gpt_5_5_parser,1,82,p6__B,1.8222651670000687,True,1783558773.656802,vortex_open_detection_free_parser
0.009815,provider,1501,gpt_5_5_parser,1,77,p6__B,2.010986166000066,True,1783558773.8430521,vortex_open_detection_free_parser
0.009815,provider,1483,gpt_5_5_parser,1,80,p6__B,2.318236916999922,True,1783558774.1558511,vortex_open_detection_free_parser
0.009815,provider,1483,gpt_5_5_parser,1,80,p6__B,2.428222999999889,True,1783558774.2636049,vortex_open_detection_free_parser
0.00992,provider,1522,gpt_5_5_parser,1,77,p6__B,2.5610148749999553,True,1783558774.40008,vortex_open_detection_free_parser
0.009795,provider,1497,gpt_5_5_parser,1,77,p6__B,3.306080999999949,True,1783558775.139814,vortex_open_detection_free_parser
0.009865,provider,1511,gpt_5_5_parser,1,77,p6__B,2.6703830420001395,True,1783558776.296504,vortex_open_detection_free_parser
0.00982,provider,1502,gpt_5_5_parser,1,77,p6__B,4.818773417000102,True,1783558778.431773,vortex_open_detection_free_parser
0.016354,provider,3305,gemini_3_1_pro,1,812,p2__B,14.61789962499995,True,1783558134.550796,vortex_multilabel_classification
0.016018,provider,3305,gemini_3_1_pro,1,784,p2__B,14.828739541999994,True,1783558134.789113,vortex_multilabel_classification
0.017506,provider,3305,gemini_3_1_pro,1,908,p2__B,15.823725749999994,True,1783558135.759547,vortex_multilabel_classification
0.018562,provider,3305,gemini_3_1_pro,1,996,p2__B,15.942932250000013,True,1783558135.916307,vortex_multilabel_classification
0.020614,provider,3305,gemini_3_1_pro,1,1167,p2__B,16.61976791699999,True,1783558136.5655859,vortex_multilabel_classification
0.01873,provider,3305,gemini_3_1_pro,1,1010,p2__B,16.887026708000008,True,1783558136.838115,vortex_multilabel_classification
0.020326,provider,3305,gemini_3_1_pro,1,1143,p2__B,18.183674917000076,True,1783558138.1398861,vortex_multilabel_classification
0.019038,provider,2973,gemini_3_1_pro,1,1091,p2__B,23.524819750000006,True,1783558143.49356,vortex_multilabel_classification
0.018166,provider,3305,gemini_3_1_pro,1,963,p2__B,9.95847783299996,True,1783558144.7703092,vortex_multilabel_classification
0.02215,provider,3305,gemini_3_1_pro,1,1295,p2__B,11.707513624999933,True,1783558146.289951,vortex_multilabel_classification
0.05928,provider,11316,claude_opus_4_8,1,108,p2__B,5.7607412090000025,True,1783558113.880874,vortex_multilabel_classification
0.05948,provider,11316,claude_opus_4_8,1,116,p2__B,6.083471707999934,True,1783558114.171405,vortex_multilabel_classification
0.05948,provider,11316,claude_opus_4_8,1,116,p2__B,6.232471541999985,True,1783558114.3288882,vortex_multilabel_classification
0.059455,provider,11316,claude_opus_4_8,1,115,p2__B,6.294200749999959,True,1783558114.4182248,vortex_multilabel_classification
0.05958,provider,11316,claude_opus_4_8,1,120,p2__B,6.56675420900001,True,1783558114.6709409,vortex_multilabel_classification
0.059705,provider,11316,claude_opus_4_8,1,125,p2__B,7.384374667000088,True,1783558115.492165,vortex_multilabel_classification
0.062455,provider,11316,claude_opus_4_8,1,235,p2__B,7.9996195410000155,True,1783558116.083484,vortex_multilabel_classification
0.059405,provider,11316,claude_opus_4_8,1,113,p2__B,9.668245124999999,True,1783558117.780276,vortex_multilabel_classification
0.059455,provider,11316,claude_opus_4_8,1,115,p2__B,4.138665875000015,True,1783558118.05154,vortex_multilabel_classification
0.062405,provider,11316,claude_opus_4_8,1,233,p2__B,5.70300983300001,True,1783558119.898698,vortex_multilabel_classification
0.000746382,provider,6076,qwen3_vl,1,78,p2__B,2.4865237080000497,True,1783558105.0427651,vortex_multilabel_classification
0.000746837,provider,6076,qwen3_vl,1,79,p2__B,2.48664445899999,True,1783558105.049202,vortex_multilabel_classification
0.000746837,provider,6076,qwen3_vl,1,79,p2__B,2.459388874999945,True,1783558105.049977,vortex_multilabel_classification
0.000746837,provider,6076,qwen3_vl,1,79,p2__B,2.4603539580000415,True,1783558105.0546088,vortex_multilabel_classification
0.000746837,provider,6076,qwen3_vl,1,79,p2__B,2.5094633339999746,True,1783558105.075417,vortex_multilabel_classification
0.000747292,provider,6076,qwen3_vl,1,80,p2__B,2.6059656249999534,True,1783558105.179038,vortex_multilabel_classification
0.000747292,provider,6076,qwen3_vl,1,80,p2__B,2.7065688750000163,True,1783558105.285635,vortex_multilabel_classification
0.000746837,provider,6076,qwen3_vl,1,79,p2__B,3.0689374999999472,True,1783558105.653795,vortex_multilabel_classification
0.000740922,provider,6076,qwen3_vl,1,66,p2__B,2.9264365830000543,True,1783558107.995442,vortex_multilabel_classification
0.000746382,provider,6076,qwen3_vl,1,78,p2__B,2.971587582999973,True,1783558108.051243,vortex_multilabel_classification
0.013666,provider,3155,gemini_3_1_pro,1,613,p2__V1,6.932346374999952,True,1783558168.734802,vortex_multilabel_classification
0.013378,provider,3155,gemini_3_1_pro,1,589,p2__V1,6.938232083000003,True,1783558168.746203,vortex_multilabel_classification
0.015802,provider,3155,gemini_3_1_pro,1,791,p2__V1,8.151659583000082,True,1783558169.964182,vortex_multilabel_classification
0.015118,provider,3155,gemini_3_1_pro,1,734,p2__V1,8.688204459000076,True,1783558170.4764302,vortex_multilabel_classification
0.017026,provider,3155,gemini_3_1_pro,1,893,p2__V1,9.240694167000015,True,1783558171.060276,vortex_multilabel_classification
0.018526,provider,3155,gemini_3_1_pro,1,1018,p2__V1,11.322131624999997,True,1783558173.10734,vortex_multilabel_classification
0.01969,provider,3155,gemini_3_1_pro,1,1115,p2__V1,11.311578666999935,True,1783558173.1103868,vortex_multilabel_classification
0.019582,provider,3155,gemini_3_1_pro,1,1106,p2__V1,12.957107334000057,True,1783558174.7809222,vortex_multilabel_classification
0.018202,provider,3155,gemini_3_1_pro,1,991,p2__V1,11.284908332999976,True,1783558180.055101,vortex_multilabel_classification
0.040136000000000005,provider,6310,gemini_3_1_pro,2,2293,p2__V1,9.871510000000058,True,1783558194.642097,vortex_multilabel_classification
0.058375,provider,11115,claude_opus_4_8,1,112,p2__V1,3.9294040419999874,True,1783558155.625986,vortex_multilabel_classification
0.05855,provider,11115,claude_opus_4_8,1,119,p2__V1,3.9425220000000536,True,1783558155.6520278,vortex_multilabel_classification
0.05875,provider,11115,claude_opus_4_8,1,127,p2__V1,4.280836457999953,True,1783558155.997272,vortex_multilabel_classification
0.058725,provider,11115,claude_opus_4_8,1,126,p2__V1,4.328197208999995,True,1783558156.0568562,vortex_multilabel_classification
0.058275,provider,11115,claude_opus_4_8,1,108,p2__V1,4.741215583000098,True,1783558156.4469361,vortex_multilabel_classification
0.0586,provider,11115,claude_opus_4_8,1,121,p2__V1,5.0741290830000025,True,1783558156.8087418,vortex_multilabel_classification
0.061075,provider,11115,claude_opus_4_8,1,220,p2__V1,5.651002292000044,True,1783558157.345027,vortex_multilabel_classification
0.058625,provider,11115,claude_opus_4_8,1,122,p2__V1,8.006973708999908,True,1783558159.7286139,vortex_multilabel_classification
0.05865,provider,11115,claude_opus_4_8,1,123,p2__V1,4.77950183300004,True,1783558160.4402869,vortex_multilabel_classification
0.061325,provider,11115,claude_opus_4_8,1,230,p2__V1,6.077961917000039,True,1783558161.749082,vortex_multilabel_classification
0.000731588,provider,5934,qwen3_vl,1,82,p2__V1,1.5621244579999711,True,1783558147.912755,vortex_multilabel_classification
0.000732043,provider,5934,qwen3_vl,1,83,p2__V1,1.6391227920000802,True,1783558147.978019,vortex_multilabel_classification
0.000731133,provider,5934,qwen3_vl,1,81,p2__V1,1.7552629169999818,True,1783558148.111338,vortex_multilabel_classification
0.000733408,provider,5934,qwen3_vl,1,86,p2__V1,1.7961330839999619,True,1783558148.1163452,vortex_multilabel_classification
0.000730223,provider,5934,qwen3_vl,1,79,p2__V1,1.9392019160000018,True,1783558148.275587,vortex_multilabel_classification
0.000732043,provider,5934,qwen3_vl,1,83,p2__V1,1.9587507079999114,True,1783558148.302884,vortex_multilabel_classification
0.000727948,provider,5934,qwen3_vl,1,74,p2__V1,2.300713041999984,True,1783558148.665008,vortex_multilabel_classification
0.000711568,provider,5934,qwen3_vl,1,38,p2__V1,1.2027650830000312,True,1783558149.195912,vortex_multilabel_classification
0.000729768,provider,5934,qwen3_vl,1,78,p2__V1,1.7424806660000058,True,1783558149.6886542,vortex_multilabel_classification
0.00527325,provider,20808,qwen3_vl,1,95,p2__V1,5.331947166000077,True,1783558151.659821,vortex_multilabel_classification
0.003455,provider,1423,gpt_5_5_parser,1,70,p3__V1,1.472904041999982,True,1783558552.487103,vortex_open_detection_strict_parser
0.009365,provider,1423,gpt_5_5_parser,1,75,p3__V1,1.5876792920000753,True,1783558552.598448,vortex_open_detection_strict_parser
0.003515,provider,1423,gpt_5_5_parser,1,72,p3__V1,1.7416126250000161,True,1783558552.75505,vortex_open_detection_strict_parser
0.00918,provider,1422,gpt_5_5_parser,1,69,p3__V1,1.877811500000007,True,1783558552.8929842,vortex_open_detection_strict_parser
0.009155,provider,1423,gpt_5_5_parser,1,68,p3__V1,1.9768579169999612,True,1783558552.989822,vortex_open_detection_strict_parser
0.00921,provider,1422,gpt_5_5_parser,1,70,p3__V1,2.1434350419999646,True,1783558553.157645,vortex_open_detection_strict_parser
0.003175,provider,1421,gpt_5_5_parser,1,61,p3__V1,1.5835371250000208,True,1783558554.077993,vortex_open_detection_strict_parser
0.00462,provider,1422,gpt_5_5_parser,1,109,p3__V1,3.3233765420000054,True,1783558554.335253,vortex_open_detection_strict_parser
0.003365,provider,1423,gpt_5_5_parser,1,67,p3__V1,1.8983869589999358,True,1783558554.501703,vortex_open_detection_strict_parser
0.01041,provider,1422,gpt_5_5_parser,1,110,p3__V1,4.443900042000223,True,1783558555.459487,vortex_open_detection_strict_parser
0.008875,provider,1421,gpt_5_5_parser,1,59,p3__V1,1.7273142919998463,True,1783558531.644623,vortex_open_detection_strict_parser
0.010485,provider,1431,gpt_5_5_parser,1,111,p3__V1,2.0387182500001018,True,1783558531.952364,vortex_open_detection_strict_parser
0.010425,provider,1431,gpt_5_5_parser,1,109,p3__V1,2.1246894999999313,True,1783558532.042619,vortex_open_detection_strict_parser
0.010515,provider,1431,gpt_5_5_parser,1,112,p3__V1,2.220040874999995,True,1783558532.135426,vortex_open_detection_strict_parser
0.011015,provider,1435,gpt_5_5_parser,1,128,p3__V1,2.3831671670000105,True,1783558532.297729,vortex_open_detection_strict_parser
0.011015,provider,1435,gpt_5_5_parser,1,128,p3__V1,2.8129156659999808,True,1783558532.7299168,vortex_open_detection_strict_parser
0.01058,provider,1432,gpt_5_5_parser,1,114,p3__V1,2.6907442090000586,True,1783558534.649523,vortex_open_detection_strict_parser
0.02263,provider,1436,gpt_5_5_parser,1,515,p3__V1,7.765732750000097,True,1783558537.684887,vortex_open_detection_strict_parser
0.019245,provider,1431,gpt_5_5_parser,1,595,p3__V1,9.795530665999877,True,1783558541.445835,vortex_open_detection_strict_parser
0.027165,provider,1437,gpt_5_5_parser,1,666,p3__V1,21.081168625000146,True,1783558551.001489,vortex_open_detection_strict_parser
0.003175,provider,1421,gpt_5_5_parser,1,61,p3__V1,1.6973457080000571,True,1783558527.001782,vortex_open_detection_strict_parser
0.003115,provider,1421,gpt_5_5_parser,1,59,p3__V1,1.904344207999884,True,1783558527.208422,vortex_open_detection_strict_parser
0.003115,provider,1421,gpt_5_5_parser,1,59,p3__V1,1.9871417090000705,True,1783558527.2945821,vortex_open_detection_strict_parser
0.003115,provider,1421,gpt_5_5_parser,1,59,p3__V1,2.002921624999999,True,1783558527.310613,vortex_open_detection_strict_parser
0.003175,provider,1421,gpt_5_5_parser,1,61,p3__V1,2.065108083000041,True,1783558527.3681018,vortex_open_detection_strict_parser
0.003175,provider,1421,gpt_5_5_parser,1,61,p3__V1,2.118229250000013,True,1783558527.4257112,vortex_open_detection_strict_parser
0.003205,provider,1421,gpt_5_5_parser,1,62,p3__V1,2.125070416999961,True,1783558527.430042,vortex_open_detection_strict_parser
0.008875,provider,1421,gpt_5_5_parser,1,59,p3__V1,1.6083882499999618,True,1783558528.823215,vortex_open_detection_strict_parser
0.003145,provider,1421,gpt_5_5_parser,1,60,p3__V1,4.391979583999955,True,1783558529.696838,vortex_open_detection_strict_parser
0.003115,provider,1421,gpt_5_5_parser,1,59,p3__V1,2.896423082999945,True,1783558529.905046,vortex_open_detection_strict_parser
0.013946,provider,2665,gemini_3_1_pro,1,718,p3__V1,7.782429957999966,True,1783558288.9192488,vortex_open_detection_strict
0.01343,provider,2665,gemini_3_1_pro,1,675,p3__V1,8.255443875000083,True,1783558289.396139,vortex_open_detection_strict
0.016238,provider,2665,gemini_3_1_pro,1,909,p3__V1,8.681636166999965,True,1783558289.80244,vortex_open_detection_strict
0.015398,provider,2665,gemini_3_1_pro,1,839,p3__V1,9.02594412499991,True,1783558290.182724,vortex_open_detection_strict
0.015086,provider,2665,gemini_3_1_pro,1,813,p3__V1,9.774115625000036,True,1783558290.9265978,vortex_open_detection_strict
0.018506,provider,2665,gemini_3_1_pro,1,1098,p3__V1,10.54669104200002,True,1783558291.692281,vortex_open_detection_strict
0.018818,provider,2665,gemini_3_1_pro,1,1124,p3__V1,11.553313000000003,True,1783558292.6725628,vortex_open_detection_strict
0.021818,provider,2665,gemini_3_1_pro,1,1374,p3__V1,13.64812387500001,True,1783558294.7788632,vortex_open_detection_strict
0.017198,provider,2665,gemini_3_1_pro,1,989,p3__V1,9.156550333999917,True,1783558298.106421,vortex_open_detection_strict
0.021242,provider,2665,gemini_3_1_pro,1,1326,p3__V1,12.84687324999993,True,1783558302.2655401,vortex_open_detection_strict
0.053375,provider,10430,claude_opus_4_8,1,49,p3__V1,3.3266171249999843,True,1783558277.5161548,vortex_open_detection_strict
0.0535,provider,10430,claude_opus_4_8,1,54,p3__V1,3.6422341250000727,True,1783558277.813237,vortex_open_detection_strict
0.053375,provider,10430,claude_opus_4_8,1,49,p3__V1,3.6318745830000125,True,1783558277.837267,vortex_open_detection_strict
0.0535,provider,10430,claude_opus_4_8,1,54,p3__V1,3.7650069999999687,True,1783558277.966479,vortex_open_detection_strict
0.0529,provider,10430,claude_opus_4_8,1,30,p3__V1,3.793379208000033,True,1783558277.970897,vortex_open_detection_strict
0.053375,provider,10430,claude_opus_4_8,1,49,p3__V1,4.416747082999905,True,1783558278.61227,vortex_open_detection_strict
0.053525,provider,10430,claude_opus_4_8,1,55,p3__V1,4.7792225420000705,True,1783558278.963548,vortex_open_detection_strict
0.053575,provider,10430,claude_opus_4_8,1,57,p3__V1,6.899442417000046,True,1783558281.0684302,vortex_open_detection_strict
0.05335,provider,10430,claude_opus_4_8,1,48,p3__V1,3.5201478750000206,True,1783558281.071813,vortex_open_detection_strict
0.053425,provider,10430,claude_opus_4_8,1,51,p3__V1,3.2517287919999944,True,1783558281.0868428,vortex_open_detection_strict
0.000660322,provider,5531,qwen3_vl,1,29,p3__V1,1.0042679169999928,True,1783558266.848306,vortex_open_detection_strict
0.000660322,provider,5531,qwen3_vl,1,29,p3__V1,1.0117691670000113,True,1783558266.856881,vortex_open_detection_strict
0.000660322,provider,5531,qwen3_vl,1,29,p3__V1,1.0816140839999662,True,1783558266.9339972,vortex_open_detection_strict
0.000660322,provider,5531,qwen3_vl,1,29,p3__V1,1.3336505409999972,True,1783558267.195594,vortex_open_detection_strict
0.000660777,provider,5531,qwen3_vl,1,30,p3__V1,1.429129792000026,True,1783558267.299927,vortex_open_detection_strict
0.000660322,provider,5531,qwen3_vl,1,29,p3__V1,1.0538036250000005,True,1783558267.9386098,vortex_open_detection_strict
0.000660322,provider,5531,qwen3_vl,1,29,p3__V1,1.117693749999944,True,1783558267.993644,vortex_open_detection_strict
0.000660322,provider,5531,qwen3_vl,1,29,p3__V1,2.1929768749999994,True,1783558268.059534,vortex_open_detection_strict
0.000660777,provider,5531,qwen3_vl,1,30,p3__V1,2.518062750000013,True,1783558268.39694,vortex_open_detection_strict
0.005156,provider,20540,qwen3_vl,1,28,p3__V1,8.250227500000051,True,1783558274.134718,vortex_open_detection_strict
0.009215,provider,1423,gpt_5_5_parser,1,70,p3__B,1.4991540000000896,True,1783558521.7283788,vortex_open_detection_strict_parser
0.009215,provider,1423,gpt_5_5_parser,1,70,p3__B,1.563731209000025,True,1783558521.792052,vortex_open_detection_strict_parser
0.003455,provider,1423,gpt_5_5_parser,1,70,p3__B,1.5865770000000339,True,1783558521.812973,vortex_open_detection_strict_parser
0.003115,provider,1421,gpt_5_5_parser,1,59,p3__B,1.6102954579998823,True,1783558521.840225,vortex_open_detection_strict_parser
0.003455,provider,1423,gpt_5_5_parser,1,70,p3__B,1.8927245410000069,True,1783558522.12044,vortex_open_detection_strict_parser
0.009125,provider,1423,gpt_5_5_parser,1,67,p3__B,1.9375807499998245,True,1783558522.166698,vortex_open_detection_strict_parser
0.008935,provider,1421,gpt_5_5_parser,1,61,p3__B,1.9731579169999804,True,1783558522.203956,vortex_open_detection_strict_parser
0.003455,provider,1423,gpt_5_5_parser,1,70,p3__B,2.0641482909998103,True,1783558522.2943308,vortex_open_detection_strict_parser
0.003365,provider,1423,gpt_5_5_parser,1,67,p3__B,1.4974124160000883,True,1783558523.2330701,vortex_open_detection_strict_parser
0.010355,provider,1429,gpt_5_5_parser,1,107,p3__B,3.496071332999918,True,1783558525.292647,vortex_open_detection_strict_parser
0.008935,provider,1421,gpt_5_5_parser,1,61,p3__B,1.5556070830000408,True,1783558499.684082,vortex_open_detection_strict_parser
0.008935,provider,1421,gpt_5_5_parser,1,61,p3__B,1.6158330829998704,True,1783558499.7406862,vortex_open_detection_strict_parser
0.011115,provider,1431,gpt_5_5_parser,1,132,p3__B,2.5056659169999875,True,1783558500.637423,vortex_open_detection_strict_parser
0.010875,provider,1431,gpt_5_5_parser,1,124,p3__B,2.651963374999923,True,1783558500.7826738,vortex_open_detection_strict_parser
0.011385,provider,1437,gpt_5_5_parser,1,140,p3__B,2.6804417079999894,True,1783558500.808613,vortex_open_detection_strict_parser
0.009555,provider,1431,gpt_5_5_parser,1,80,p3__B,1.5337289579999833,True,1783558501.280194,vortex_open_detection_strict_parser
0.016,provider,1430,gpt_5_5_parser,1,295,p3__B,5.173288374999856,True,1783558503.3010418,vortex_open_detection_strict_parser
0.022725,provider,1431,gpt_5_5_parser,1,519,p3__B,10.34575391699991,True,1783558508.472893,vortex_open_detection_strict_parser
0.026115,provider,1431,gpt_5_5_parser,1,632,p3__B,10.52621695799985,True,1783558508.653173,vortex_open_detection_strict_parser
0.026055,provider,1431,gpt_5_5_parser,1,630,p3__B,20.526354833999903,True,1783558520.217783,vortex_open_detection_strict_parser
0.008875,provider,1421,gpt_5_5_parser,1,59,p3__B,1.5680055420000372,True,1783558490.728555,vortex_open_detection_strict_parser
0.008875,provider,1421,gpt_5_5_parser,1,59,p3__B,1.6233956250000574,True,1783558490.782136,vortex_open_detection_strict_parser
0.008965,provider,1421,gpt_5_5_parser,1,62,p3__B,1.6234927499999685,True,1783558490.786622,vortex_open_detection_strict_parser
0.003205,provider,1421,gpt_5_5_parser,1,62,p3__B,2.1188913749999756,True,1783558491.2786372,vortex_open_detection_strict_parser
0.003115,provider,1421,gpt_5_5_parser,1,59,p3__B,2.1774027499998283,True,1783558491.336801,vortex_open_detection_strict_parser
0.003175,provider,1421,gpt_5_5_parser,1,61,p3__B,2.1944884580000235,True,1783558491.3543098,vortex_open_detection_strict_parser
0.008875,provider,1421,gpt_5_5_parser,1,59,p3__B,2.676223334000042,True,1783558491.83372,vortex_open_detection_strict_parser
0.003175,provider,1421,gpt_5_5_parser,1,61,p3__B,1.4211675829999422,True,1783558492.153777,vortex_open_detection_strict_parser
0.003205,provider,1421,gpt_5_5_parser,1,62,p3__B,1.7360342910001236,True,1783558492.5257962,vortex_open_detection_strict_parser
0.017455,provider,1433,gpt_5_5_parser,1,343,p3__B,8.95229504200006,True,1783558498.116318,vortex_open_detection_strict_parser
0.012872,provider,2704,gemini_3_1_pro,1,622,p3__B,7.971613374999947,True,1783558253.5802932,vortex_open_detection_strict
0.014528,provider,2704,gemini_3_1_pro,1,760,p3__B,8.684141374999967,True,1783558254.273901,vortex_open_detection_strict
0.013112,provider,2704,gemini_3_1_pro,1,642,p3__B,8.951387834000002,True,1783558254.555124,vortex_open_detection_strict
0.014612,provider,2704,gemini_3_1_pro,1,767,p3__B,9.664124707999918,True,1783558255.28493,vortex_open_detection_strict
0.014336,provider,2704,gemini_3_1_pro,1,744,p3__B,11.93231537500003,True,1783558257.558079,vortex_open_detection_strict
0.017516,provider,2704,gemini_3_1_pro,1,1009,p3__B,11.971936583000002,True,1783558257.5853708,vortex_open_detection_strict
0.0167,provider,2704,gemini_3_1_pro,1,941,p3__B,15.724210083000003,True,1783558261.3195431,vortex_open_detection_strict
0.017288,provider,2704,gemini_3_1_pro,1,990,p3__B,18.14735383300001,True,1783558263.778124,vortex_open_detection_strict
0.01892,provider,2704,gemini_3_1_pro,1,1126,p3__B,11.505226166999933,True,1783558265.117313,vortex_open_detection_strict
0.018368,provider,2704,gemini_3_1_pro,1,1080,p3__B,11.51220812500003,True,1783558265.809209,vortex_open_detection_strict
0.053165,provider,10483,claude_opus_4_8,1,30,p3__B,3.551619999999957,True,1783558241.898475,vortex_open_detection_strict
0.053615,provider,10483,claude_opus_4_8,1,48,p3__B,3.8271707909999577,True,1783558242.184329,vortex_open_detection_strict
0.053615,provider,10483,claude_opus_4_8,1,48,p3__B,3.829293249999978,True,1783558242.202294,vortex_open_detection_strict
0.053515,provider,10483,claude_opus_4_8,1,44,p3__B,3.9225309170000173,True,1783558242.2903512,vortex_open_detection_strict
0.053165,provider,10483,claude_opus_4_8,1,30,p3__B,4.250535874999969,True,1783558242.6125581,vortex_open_detection_strict
0.053915,provider,10483,claude_opus_4_8,1,60,p3__B,4.285806874999935,True,1783558242.618919,vortex_open_detection_strict
0.053615,provider,10483,claude_opus_4_8,1,48,p3__B,4.500412542000049,True,1783558242.8389409,vortex_open_detection_strict
0.05354,provider,10483,claude_opus_4_8,1,45,p3__B,4.89112108300003,True,1783558243.243084,vortex_open_detection_strict
0.053615,provider,10483,claude_opus_4_8,1,48,p3__B,3.5280072080000764,True,1783558245.461851,vortex_open_detection_strict
0.05359,provider,10483,claude_opus_4_8,1,47,p3__B,3.346579125000062,True,1783558245.556604,vortex_open_detection_strict
0.000664417,provider,5566,qwen3_vl,1,29,p3__B,2.0004271249999874,True,1783558236.1763961,vortex_open_detection_strict
0.000664417,provider,5566,qwen3_vl,1,29,p3__B,2.026892499999917,True,1783558236.210469,vortex_open_detection_strict
0.000664417,provider,5566,qwen3_vl,1,29,p3__B,2.068195457999991,True,1783558236.228333,vortex_open_detection_strict
0.000664417,provider,5566,qwen3_vl,1,29,p3__B,2.14637991699999,True,1783558236.335437,vortex_open_detection_strict
0.000664417,provider,5566,qwen3_vl,1,29,p3__B,2.3082108329999755,True,1783558236.475542,vortex_open_detection_strict
0.000664872,provider,5566,qwen3_vl,1,30,p3__B,2.6477097920000006,True,1783558236.8299892,vortex_open_detection_strict
0.000664417,provider,5566,qwen3_vl,1,29,p3__B,2.649186165999936,True,1783558236.852237,vortex_open_detection_strict
0.0025537,provider,20575,qwen3_vl,1,41,p3__B,2.9152520830000412,True,1783558237.114007,vortex_open_detection_strict
0.000664417,provider,5566,qwen3_vl,1,29,p3__B,1.891598042000055,True,1783558238.116406,vortex_open_detection_strict
0.000664417,provider,5566,qwen3_vl,1,29,p3__B,2.0894936250000455,True,1783558238.299464,vortex_open_detection_strict
0.00963,provider,1512,gpt_5_5_parser,1,69,p4__V1,1.7228307089999362,True,1783558635.171157,vortex_open_detection_free_parser
0.009835,provider,1511,gpt_5_5_parser,1,76,p4__V1,1.7223877920000632,True,1783558635.1754391,vortex_open_detection_free_parser
0.009685,provider,1517,gpt_5_5_parser,1,70,p4__V1,1.829475083000034,True,1783558635.277976,vortex_open_detection_free_parser
0.00963,provider,1506,gpt_5_5_parser,1,70,p4__V1,1.9671375420000459,True,1783558635.4174562,vortex_open_detection_free_parser
0.009695,provider,1495,gpt_5_5_parser,1,74,p4__V1,2.0356763749998663,True,1783558635.4878058,vortex_open_detection_free_parser
0.00979,provider,1502,gpt_5_5_parser,1,76,p4__V1,2.0960871669999506,True,1783558635.5429618,vortex_open_detection_free_parser
0.00971,provider,1504,gpt_5_5_parser,1,73,p4__V1,2.1958465420000266,True,1783558635.646417,vortex_open_detection_free_parser
0.009835,provider,1517,gpt_5_5_parser,1,75,p4__V1,1.5996109589998468,True,1783558636.777442,vortex_open_detection_free_parser
0.00957,provider,1500,gpt_5_5_parser,1,69,p4__V1,3.668185041000015,True,1783558637.1165671,vortex_open_detection_free_parser
0.010135,provider,1499,gpt_5_5_parser,1,88,p4__V1,2.078307582999969,True,1783558637.2585862,vortex_open_detection_free_parser
0.00993,provider,1560,gpt_5_5_parser,1,71,p4__V1,1.6758530419999715,True,1783558610.844885,vortex_open_detection_free_parser
0.0102,provider,1584,gpt_5_5_parser,1,76,p4__V1,2.0363530829999945,True,1783558611.2062771,vortex_open_detection_free_parser
0.01014,provider,1578,gpt_5_5_parser,1,75,p4__V1,2.0439566249999643,True,1783558611.216795,vortex_open_detection_free_parser
0.010155,provider,1563,gpt_5_5_parser,1,78,p4__V1,2.1374249170000894,True,1783558611.30878,vortex_open_detection_free_parser
0.01817,provider,1588,gpt_5_5_parser,1,341,p4__V1,5.027737208999952,True,1783558614.1978009,vortex_open_detection_free_parser
0.020775,provider,1623,gpt_5_5_parser,1,422,p4__V1,7.194260708999991,True,1783558618.404167,vortex_open_detection_free_parser
0.02382,provider,1620,gpt_5_5_parser,1,524,p4__V1,9.47778983299986,True,1783558620.329311,vortex_open_detection_free_parser
0.03187,provider,1622,gpt_5_5_parser,1,792,p4__V1,11.71464908300004,True,1783558620.88836,vortex_open_detection_free_parser
0.028875,provider,1599,gpt_5_5_parser,1,696,p4__V1,23.80507320899983,True,1783558632.9790132,vortex_open_detection_free_parser
0.032985,provider,1605,gpt_5_5_parser,1,832,p4__V1,24.26691529200002,True,1783558633.438221,vortex_open_detection_free_parser
0.00983,provider,1522,gpt_5_5_parser,1,74,p4__V1,1.7299878750000062,True,1783558605.3705,vortex_open_detection_free_parser
0.009805,provider,1529,gpt_5_5_parser,1,72,p4__V1,1.98573020799995,True,1783558605.624327,vortex_open_detection_free_parser
0.009905,provider,1525,gpt_5_5_parser,1,76,p4__V1,2.0089160410000204,True,1783558605.6464798,vortex_open_detection_free_parser
0.0101,provider,1522,gpt_5_5_parser,1,83,p4__V1,2.0486955000001217,True,1783558605.688137,vortex_open_detection_free_parser
0.010165,provider,1517,gpt_5_5_parser,1,86,p4__V1,2.2517611249998026,True,1783558605.889877,vortex_open_detection_free_parser
0.009755,provider,1507,gpt_5_5_parser,1,74,p4__V1,2.2871030409999094,True,1783558605.9238012,vortex_open_detection_free_parser
0.003965,provider,1507,gpt_5_5_parser,1,73,p4__V1,2.3777061250000315,True,1783558606.021014,vortex_open_detection_free_parser
0.0099,provider,1518,gpt_5_5_parser,1,77,p4__V1,2.536420625000119,True,1783558606.1784608,vortex_open_detection_free_parser
0.009855,provider,1527,gpt_5_5_parser,1,74,p4__V1,1.984228875000099,True,1783558607.361046,vortex_open_detection_free_parser
0.00999,provider,1548,gpt_5_5_parser,1,75,p4__V1,3.529400874999965,True,1783558609.160235,vortex_open_detection_free_parser
0.012836,provider,2572,gemini_3_1_pro,1,641,p4__V1,7.843624833000035,True,1783558406.1168902,vortex_open_detection_free
0.015092,provider,2572,gemini_3_1_pro,1,829,p4__V1,9.940107708000028,True,1783558408.186164,vortex_open_detection_free
0.017624,provider,2572,gemini_3_1_pro,1,1040,p4__V1,10.424310415999912,True,1783558408.690562,vortex_open_detection_free
0.017276,provider,2572,gemini_3_1_pro,1,1011,p4__V1,11.578884000000016,True,1783558409.829205,vortex_open_detection_free
0.020768,provider,2572,gemini_3_1_pro,1,1302,p4__V1,12.160603999999921,True,1783558410.441609,vortex_open_detection_free
0.021488,provider,2572,gemini_3_1_pro,1,1362,p4__V1,14.151018291000014,True,1783558412.420033,vortex_open_detection_free
0.0143,provider,2572,gemini_3_1_pro,1,763,p4__V1,9.138507125000046,True,1783558415.28644,vortex_open_detection_free
0.014564,provider,2572,gemini_3_1_pro,1,785,p4__V1,7.934461374999955,True,1783558416.142147,vortex_open_detection_free
0.0379,provider,5144,gemini_3_1_pro,2,2301,p4__V1,8.995294875000013,True,1783558422.2232451,vortex_open_detection_free
0.058788,provider,7716,gemini_3_1_pro,3,3613,p4__V1,9.96456691600008,True,1783558438.764436,vortex_open_detection_free
0.05704,provider,10273,claude_opus_4_8,1,227,p4__V1,5.43633562499997,True,1783558389.1133912,vortex_open_detection_free
0.05824,provider,10273,claude_opus_4_8,1,275,p4__V1,6.535606459000064,True,1783558390.1875882,vortex_open_detection_free
0.058165,provider,10273,claude_opus_4_8,1,272,p4__V1,6.547515583999939,True,1783558390.2094421,vortex_open_detection_free
0.05729,provider,10273,claude_opus_4_8,1,237,p4__V1,6.7586344160000635,True,1783558390.430589,vortex_open_detection_free
0.058965,provider,10273,claude_opus_4_8,1,304,p4__V1,7.6569027090000645,True,1783558391.340898,vortex_open_detection_free
0.05874,provider,10273,claude_opus_4_8,1,295,p4__V1,7.881091458000014,True,1783558391.5496309,vortex_open_detection_free
0.05999,provider,10273,claude_opus_4_8,1,345,p4__V1,8.53055412499998,True,1783558392.179944,vortex_open_detection_free
0.05789,provider,10273,claude_opus_4_8,1,261,p4__V1,10.458403332999978,True,1783558394.148986,vortex_open_detection_free
0.05969,provider,10273,claude_opus_4_8,1,333,p4__V1,7.630235042000095,True,1783558396.7768068,vortex_open_detection_free
0.059415,provider,10273,claude_opus_4_8,1,322,p4__V1,8.002092584000025,True,1783558398.213033,vortex_open_detection_free
0.000685633,provider,5444,qwen3_vl,1,107,p4__V1,2.4340661249999584,True,1783558380.832472,vortex_open_detection_free
0.000690638,provider,5444,qwen3_vl,1,118,p4__V1,2.6532651249999617,True,1783558381.058817,vortex_open_detection_free
0.000695643,provider,5444,qwen3_vl,1,129,p4__V1,2.7731913749998967,True,1783558381.160498,vortex_open_detection_free
0.000694278,provider,5444,qwen3_vl,1,126,p4__V1,2.9470377500000495,True,1783558381.355787,vortex_open_detection_free
0.000692458,provider,5444,qwen3_vl,1,122,p4__V1,3.1600771250000435,True,1783558381.5468311,vortex_open_detection_free
0.000692458,provider,5444,qwen3_vl,1,122,p4__V1,3.191166040999974,True,1783558381.6050718,vortex_open_detection_free
0.000690638,provider,5444,qwen3_vl,1,118,p4__V1,1.8304713339999807,True,1783558382.910343,vortex_open_detection_free
0.000685633,provider,5444,qwen3_vl,1,107,p4__V1,2.0603021249999074,True,1783558382.9243379,vortex_open_detection_free
0.000695188,provider,5444,qwen3_vl,1,128,p4__V1,4.937605916000052,True,1783558383.366553,vortex_open_detection_free
0.00260445,provider,20460,qwen3_vl,1,147,p4__V1,5.193925541999988,True,1783558383.6154702,vortex_open_detection_free
0.00655,provider,956,gpt_5_5_parser,1,59,p5__V1,1.7277812909999284,True,1783558736.3416371,vortex_open_detection_strict_parser
0.00674,provider,958,gpt_5_5_parser,1,65,p5__V1,1.7298662079999758,True,1783558736.3465521,vortex_open_detection_strict_parser
0.00674,provider,958,gpt_5_5_parser,1,65,p5__V1,1.7713992079998206,True,1783558736.379256,vortex_open_detection_strict_parser
0.00674,provider,958,gpt_5_5_parser,1,65,p5__V1,1.7752882079998926,True,1783558736.386144,vortex_open_detection_strict_parser
0.00692,provider,958,gpt_5_5_parser,1,71,p5__V1,2.1429760830001214,True,1783558736.7515829,vortex_open_detection_strict_parser
0.00674,provider,958,gpt_5_5_parser,1,65,p5__V1,2.141769750000094,True,1783558736.755188,vortex_open_detection_strict_parser
0.00773,provider,958,gpt_5_5_parser,1,98,p5__V1,2.9581788340001367,True,1783558737.569314,vortex_open_detection_strict_parser
0.00655,provider,956,gpt_5_5_parser,1,59,p5__V1,3.680408916000033,True,1783558738.2946959,vortex_open_detection_strict_parser
0.00674,provider,958,gpt_5_5_parser,1,65,p5__V1,1.9492240409999795,True,1783558738.2993448,vortex_open_detection_strict_parser
0.01445,provider,964,gpt_5_5_parser,1,321,p5__V1,7.261479624999993,True,1783558743.612312,vortex_open_detection_strict_parser
0.00655,provider,956,gpt_5_5_parser,1,59,p5__V1,1.9814981250001438,True,1783558716.932868,vortex_open_detection_strict_parser
0.0087,provider,966,gpt_5_5_parser,1,129,p5__V1,2.333483749999914,True,1783558717.282919,vortex_open_detection_strict_parser
0.00754,provider,956,gpt_5_5_parser,1,92,p5__V1,3.215918790999922,True,1783558718.164215,vortex_open_detection_strict_parser
0.00864,provider,966,gpt_5_5_parser,1,127,p5__V1,3.470501000000013,True,1783558718.424041,vortex_open_detection_strict_parser
0.00729,provider,966,gpt_5_5_parser,1,82,p5__V1,1.6607957920000445,True,1783558718.949754,vortex_open_detection_strict_parser
0.012835,provider,965,gpt_5_5_parser,1,267,p5__V1,5.278987874999984,True,1783558720.230637,vortex_open_detection_strict_parser
0.01857,provider,966,gpt_5_5_parser,1,458,p5__V1,6.744761084000174,True,1783558721.697999,vortex_open_detection_strict_parser
0.01725,provider,972,gpt_5_5_parser,1,413,p5__V1,6.838450082999998,True,1783558721.790723,vortex_open_detection_strict_parser
0.01566,provider,966,gpt_5_5_parser,1,361,p5__V1,7.462799292,True,1783558722.413356,vortex_open_detection_strict_parser
0.01626,provider,966,gpt_5_5_parser,1,381,p5__V1,17.66223462500011,True,1783558734.6007712,vortex_open_detection_strict_parser
0.00655,provider,956,gpt_5_5_parser,1,59,p5__V1,1.7205628750000415,True,1783558711.3573802,vortex_open_detection_strict_parser
0.00655,provider,956,gpt_5_5_parser,1,59,p5__V1,1.7263689580001937,True,1783558711.362693,vortex_open_detection_strict_parser
0.00655,provider,956,gpt_5_5_parser,1,59,p5__V1,1.7258866659999512,True,1783558711.3637671,vortex_open_detection_strict_parser
0.00655,provider,956,gpt_5_5_parser,1,59,p5__V1,1.738127249999934,True,1783558711.367788,vortex_open_detection_strict_parser
0.00655,provider,956,gpt_5_5_parser,1,59,p5__V1,1.7486830420000388,True,1783558711.380215,vortex_open_detection_strict_parser
0.00655,provider,956,gpt_5_5_parser,1,59,p5__V1,1.9706818749998547,True,1783558711.608263,vortex_open_detection_strict_parser
0.00655,provider,956,gpt_5_5_parser,1,59,p5__V1,3.360250707999967,True,1783558712.993047,vortex_open_detection_strict_parser
0.00655,provider,956,gpt_5_5_parser,1,59,p5__V1,1.7363584580000406,True,1783558713.1022642,vortex_open_detection_strict_parser
0.01333,provider,968,gpt_5_5_parser,1,283,p5__V1,3.9849764999999024,True,1783558713.621917,vortex_open_detection_strict_parser
0.00655,provider,956,gpt_5_5_parser,1,59,p5__V1,3.572642999999971,True,1783558714.939608,vortex_open_detection_strict_parser
0.012582,provider,2625,gemini_3_1_pro,1,611,p1__V1,7.060979500000002,True,1783556606.027741,vortex_closed_binary
0.01269,provider,2625,gemini_3_1_pro,1,620,p1__V1,7.134017916999994,True,1783556606.10697,vortex_closed_binary
0.013518,provider,2625,gemini_3_1_pro,1,689,p1__V1,7.753976666999989,True,1783556606.7175481,vortex_closed_binary
0.01371,provider,2625,gemini_3_1_pro,1,705,p1__V1,7.764896083000025,True,1783556606.763287,vortex_closed_binary
0.018078,provider,2625,gemini_3_1_pro,1,1069,p1__V1,9.482294416999991,True,1783556608.466176,vortex_closed_binary
0.017226,provider,2625,gemini_3_1_pro,1,998,p1__V1,10.114173791999974,True,1783556609.095684,vortex_closed_binary
0.016986,provider,2625,gemini_3_1_pro,1,978,p1__V1,10.319395958000001,True,1783556609.3097038,vortex_closed_binary
0.009702,provider,2625,gemini_3_1_pro,1,371,p1__V1,5.518421584000009,True,1783556611.6421728,vortex_closed_binary
0.014334,provider,2625,gemini_3_1_pro,1,757,p1__V1,8.440970207999982,True,1783556614.500934,vortex_closed_binary
0.08562,provider,10500,gemini_3_1_pro,4,5385,p1__V1,17.85850320899999,True,1783556670.22018,vortex_closed_binary
0.05443,provider,10366,claude_opus_4_8,1,104,p1__V1,3.7075918749999914,True,1783556594.634418,vortex_closed_binary
0.05433,provider,10366,claude_opus_4_8,1,100,p1__V1,3.999050249999982,True,1783556594.8896089,vortex_closed_binary
0.054705,provider,10366,claude_opus_4_8,1,115,p1__V1,3.9939525830000093,True,1783556594.912618,vortex_closed_binary
0.055155,provider,10366,claude_opus_4_8,1,133,p1__V1,4.093123832999993,True,1783556594.980588,vortex_closed_binary
0.054055,provider,10366,claude_opus_4_8,1,89,p1__V1,4.101750667000005,True,1783556594.999597,vortex_closed_binary
0.05478,provider,10366,claude_opus_4_8,1,118,p1__V1,4.5515680830000065,True,1783556595.466061,vortex_closed_binary
0.054955,provider,10366,claude_opus_4_8,1,125,p1__V1,4.746778583999998,True,1783556595.652699,vortex_closed_binary
0.05508,provider,10366,claude_opus_4_8,1,130,p1__V1,5.189907333999997,True,1783556596.09985,vortex_closed_binary
0.05423,provider,10366,claude_opus_4_8,1,96,p1__V1,3.9313479170000107,True,1783556598.5946538,vortex_closed_binary
0.054955,provider,10366,claude_opus_4_8,1,125,p1__V1,4.022896083000006,True,1783556598.9321752,vortex_closed_binary
0.000673335,provider,5475,qwen3_vl,1,72,p1__V1,1.4114009579999731,True,1783556589.243892,vortex_closed_binary
0.000671515,provider,5475,qwen3_vl,1,68,p1__V1,1.4630978749999883,True,1783556589.2879832,vortex_closed_binary
0.000671515,provider,5475,qwen3_vl,1,68,p1__V1,1.5329111670000088,True,1783556589.367954,vortex_closed_binary
0.000671515,provider,5475,qwen3_vl,1,68,p1__V1,1.599782542000014,True,1783556589.410743,vortex_closed_binary
0.000671515,provider,5475,qwen3_vl,1,68,p1__V1,1.620403667000005,True,1783556589.4270358,vortex_closed_binary
0.000671515,provider,5475,qwen3_vl,1,68,p1__V1,2.271723083000012,True,1783556590.092389,vortex_closed_binary
0.000671515,provider,5475,qwen3_vl,1,68,p1__V1,2.7265357910000034,True,1783556590.576589,vortex_closed_binary
0.000671515,provider,5475,qwen3_vl,1,68,p1__V1,2.7409993329999907,True,1783556590.5840719,vortex_closed_binary
0.00067379,provider,5475,qwen3_vl,1,73,p1__V1,1.4753383329999963,True,1783556590.7762299,vortex_closed_binary
0.000671515,provider,5475,qwen3_vl,1,68,p1__V1,1.5885082910000108,True,1783556590.862956,vortex_closed_binary
0.009455,provider,1477,gpt_5_5_parser,1,69,p4__B,1.8330810830000246,True,1783558600.969635,vortex_open_detection_free_parser
0.00975,provider,1488,gpt_5_5_parser,1,77,p4__B,1.8386537500000486,True,1783558600.974478,vortex_open_detection_free_parser
0.009835,provider,1487,gpt_5_5_parser,1,80,p4__B,1.8666409170000406,True,1783558601.001366,vortex_open_detection_free_parser
0.009545,provider,1471,gpt_5_5_parser,1,73,p4__B,2.0966957499999808,True,1783558601.2334049,vortex_open_detection_free_parser
0.009735,provider,1485,gpt_5_5_parser,1,77,p4__B,2.2413163749999967,True,1783558601.377911,vortex_open_detection_free_parser
0.00985,provider,1490,gpt_5_5_parser,1,80,p4__B,2.5019183750000593,True,1783558601.636151,vortex_open_detection_free_parser
0.00966,provider,1488,gpt_5_5_parser,1,74,p4__B,2.5019397500000196,True,1783558601.640289,vortex_open_detection_free_parser
0.009775,provider,1481,gpt_5_5_parser,1,79,p4__B,2.523237291000214,True,1783558601.656173,vortex_open_detection_free_parser
0.00977,provider,1498,gpt_5_5_parser,1,76,p4__B,2.138704125000004,True,1783558603.11786,vortex_open_detection_free_parser
0.009665,provider,1495,gpt_5_5_parser,1,73,p4__B,2.652111082999909,True,1783558603.6289148,vortex_open_detection_free_parser
0.018835,provider,1589,gpt_5_5_parser,1,363,p4__B,5.526494416999867,True,1783558586.539663,vortex_open_detection_free_parser
0.021735,provider,1563,gpt_5_5_parser,1,464,p4__B,7.58120837499996,True,1783558588.5956311,vortex_open_detection_free_parser
0.0234,provider,1578,gpt_5_5_parser,1,517,p4__B,8.332394583999985,True,1783558589.343756,vortex_open_detection_free_parser
0.02279,provider,1588,gpt_5_5_parser,1,495,p4__B,9.824762792000001,True,1783558590.837095,vortex_open_detection_free_parser
0.030145,provider,1625,gpt_5_5_parser,1,734,p4__B,10.642954207999992,True,1783558591.6584802,vortex_open_detection_free_parser
0.028265,provider,1567,gpt_5_5_parser,1,681,p4__B,10.711079333000043,True,1783558591.722032,vortex_open_detection_free_parser
0.029575,provider,1595,gpt_5_5_parser,1,720,p4__B,11.613887583000178,True,1783558592.6278028,vortex_open_detection_free_parser
0.022125,provider,1557,gpt_5_5_parser,1,478,p4__B,8.668339041000081,True,1783558595.21549,vortex_open_detection_free_parser
0.013365,provider,1575,gpt_5_5_parser,1,183,p4__B,14.993496041999833,True,1783558596.0067892,vortex_open_detection_free_parser
0.026495,provider,1585,gpt_5_5_parser,1,619,p4__B,10.522912333000022,True,1783558599.12484,vortex_open_detection_free_parser
0.009605,provider,1489,gpt_5_5_parser,1,72,p4__B,1.6284161669998412,True,1783558578.2327209,vortex_open_detection_free_parser
0.00995,provider,1522,gpt_5_5_parser,1,78,p4__B,1.7995543749998433,True,1783558578.407208,vortex_open_detection_free_parser
0.009635,provider,1483,gpt_5_5_parser,1,74,p4__B,1.879957500000046,True,1783558578.4870698,vortex_open_detection_free_parser
0.009695,provider,1483,gpt_5_5_parser,1,76,p4__B,1.9556918750001842,True,1783558578.561734,vortex_open_detection_free_parser
0.009915,provider,1497,gpt_5_5_parser,1,81,p4__B,1.9643835829999716,True,1783558578.567837,vortex_open_detection_free_parser
0.009765,provider,1497,gpt_5_5_parser,1,76,p4__B,2.0450443749998612,True,1783558578.651423,vortex_open_detection_free_parser
0.0099,provider,1494,gpt_5_5_parser,1,81,p4__B,2.0753876670000864,True,1783558578.6808178,vortex_open_detection_free_parser
0.009815,provider,1501,gpt_5_5_parser,1,77,p4__B,2.144252083000083,True,1783558578.7475562,vortex_open_detection_free_parser
0.00982,provider,1502,gpt_5_5_parser,1,77,p4__B,1.9124799160001658,True,1783558580.150651,vortex_open_detection_free_parser
0.011125,provider,1511,gpt_5_5_parser,1,119,p4__B,2.58728433400006,True,1783558581.0000682,vortex_open_detection_free_parser
0.008976,provider,2604,gemini_3_1_pro,1,314,p4__B,10.390535833999934,True,1783558370.208503,vortex_open_detection_free
0.01086,provider,2604,gemini_3_1_pro,1,471,p4__B,11.36523150000005,True,1783558371.170859,vortex_open_detection_free
0.01128,provider,2604,gemini_3_1_pro,1,506,p4__B,12.547053124999934,True,1783558372.3558881,vortex_open_detection_free
0.011112,provider,2604,gemini_3_1_pro,1,492,p4__B,12.567695542000024,True,1783558372.3952482,vortex_open_detection_free
0.0129,provider,2604,gemini_3_1_pro,1,641,p4__B,12.670169082999905,True,1783558372.5163121,vortex_open_detection_free
0.010704,provider,2604,gemini_3_1_pro,1,458,p4__B,12.809064416999945,True,1783558372.6491148,vortex_open_detection_free
0.012516,provider,2604,gemini_3_1_pro,1,609,p4__B,13.197976791999963,True,1783558373.021915,vortex_open_detection_free
0.016572,provider,2604,gemini_3_1_pro,1,947,p4__B,15.013611374999982,True,1783558374.8468192,vortex_open_detection_free
0.01236,provider,2604,gemini_3_1_pro,1,596,p4__B,6.439512458999957,True,1783558377.632898,vortex_open_detection_free
0.013536,provider,2604,gemini_3_1_pro,1,694,p4__B,8.109434291999946,True,1783558378.3509,vortex_open_detection_free
0.05835,provider,10310,claude_opus_4_8,1,272,p4__B,6.694219958000076,True,1783558352.615,vortex_open_detection_free
0.057725,provider,10310,claude_opus_4_8,1,247,p4__B,6.823397082999918,True,1783558352.717514,vortex_open_detection_free
0.05765,provider,10310,claude_opus_4_8,1,244,p4__B,6.880389624999907,True,1783558352.782509,vortex_open_detection_free
0.058425,provider,10310,claude_opus_4_8,1,275,p4__B,7.100212958000043,True,1783558353.027689,vortex_open_detection_free
0.058175,provider,10310,claude_opus_4_8,1,265,p4__B,7.1087137089999715,True,1783558353.042588,vortex_open_detection_free
0.0577,provider,10310,claude_opus_4_8,1,246,p4__B,7.275011791999987,True,1783558353.167475,vortex_open_detection_free
0.05875,provider,10310,claude_opus_4_8,1,288,p4__B,7.8567213750000064,True,1783558353.7709959,vortex_open_detection_free
0.060025,provider,10310,claude_opus_4_8,1,339,p4__B,11.95546195899999,True,1783558357.866369,vortex_open_detection_free
0.05725,provider,10310,claude_opus_4_8,1,228,p4__B,6.686294750000002,True,1783558359.422333,vortex_open_detection_free
0.058625,provider,10310,claude_opus_4_8,1,283,p4__B,7.122408749999977,True,1783558359.770665,vortex_open_detection_free
0.000686751,provider,5473,qwen3_vl,1,102,p4__B,2.4660559999999805,True,1783558342.7689888,vortex_open_detection_free
0.000681291,provider,5473,qwen3_vl,1,90,p4__B,2.511452166999902,True,1783558342.816917,vortex_open_detection_free
0.000684931,provider,5473,qwen3_vl,1,98,p4__B,2.5197152080000933,True,1783558342.8408818,vortex_open_detection_free
0.000683566,provider,5473,qwen3_vl,1,95,p4__B,2.6732738339999287,True,1783558342.965145,vortex_open_detection_free
0.000678561,provider,5473,qwen3_vl,1,84,p4__B,2.974142542000095,True,1783558343.30477,vortex_open_detection_free
0.000684931,provider,5473,qwen3_vl,1,98,p4__B,3.623124541999914,True,1783558343.9406989,vortex_open_detection_free
0.000678561,provider,5473,qwen3_vl,1,84,p4__B,2.340101582999978,True,1783558345.171585,vortex_open_detection_free
0.0025922,provider,20489,qwen3_vl,1,121,p4__B,4.881546957999944,True,1783558345.174237,vortex_open_detection_free
0.000686751,provider,5473,qwen3_vl,1,102,p4__B,2.778742749999992,True,1783558345.5801978,vortex_open_detection_free
0.00520475,provider,20489,qwen3_vl,1,110,p4__B,5.543790749999971,True,1783558345.857611,vortex_open_detection_free
0.00795,provider,1158,gpt_5_5_parser,1,72,p6__V2,1.7335870409999643,True,1783558885.3872051,vortex_open_detection_free_parser
0.008305,provider,1169,gpt_5_5_parser,1,82,p6__V2,1.9234218340000098,True,1783558885.5768661,vortex_open_detection_free_parser
0.007945,provider,1169,gpt_5_5_parser,1,70,p6__V2,1.9558667920000516,True,1783558885.609747,vortex_open_detection_free_parser
0.00789,provider,1152,gpt_5_5_parser,1,71,p6__V2,2.081354874999988,True,1783558885.735714,vortex_open_detection_free_parser
0.00793,provider,1166,gpt_5_5_parser,1,70,p6__V2,2.1420913750000636,True,1783558885.7973819,vortex_open_detection_free_parser
0.00803,provider,1168,gpt_5_5_parser,1,73,p6__V2,2.1512681670001257,True,1783558885.8050659,vortex_open_detection_free_parser
0.00821,provider,1162,gpt_5_5_parser,1,80,p6__V2,2.34070174999988,True,1783558885.992886,vortex_open_detection_free_parser
0.009155,provider,1171,gpt_5_5_parser,1,110,p6__V2,3.206462666999869,True,1783558886.858266,vortex_open_detection_free_parser
0.007995,provider,1179,gpt_5_5_parser,1,70,p6__V2,1.7594931249998353,True,1783558887.341812,vortex_open_detection_free_parser
0.00894,provider,1176,gpt_5_5_parser,1,102,p6__V2,3.7291499580001073,True,1783558889.122236,vortex_open_detection_free_parser
0.02618,provider,1276,gpt_5_5_parser,1,660,p6__V2,9.84391666700003,True,1783558861.58045,vortex_open_detection_free_parser
0.0221,provider,1270,gpt_5_5_parser,1,525,p6__V2,9.848547833000111,True,1783558861.5858922,vortex_open_detection_free_parser
0.02041,provider,1256,gpt_5_5_parser,1,471,p6__V2,10.518225666000035,True,1783558862.252436,vortex_open_detection_free_parser
0.0226,provider,1244,gpt_5_5_parser,1,546,p6__V2,20.388062375000118,True,1783558872.1227992,vortex_open_detection_free_parser
0.02679,provider,1248,gpt_5_5_parser,1,685,p6__V2,21.808600292000165,True,1783558873.542722,vortex_open_detection_free_parser
0.03044,provider,1306,gpt_5_5_parser,1,797,p6__V2,22.71139379100009,True,1783558874.449467,vortex_open_detection_free_parser
0.026335,provider,1259,gpt_5_5_parser,1,668,p6__V2,22.81207679199997,True,1783558874.544867,vortex_open_detection_free_parser
0.026685,provider,1269,gpt_5_5_parser,1,678,p6__V2,23.53691770799992,True,1783558875.2717388,vortex_open_detection_free_parser
0.02748,provider,1266,gpt_5_5_parser,1,705,p6__V2,21.95039862500016,True,1783558883.541101,vortex_open_detection_free_parser
0.02611,provider,1238,gpt_5_5_parser,1,664,p6__V2,22.054251167000075,True,1783558883.643542,vortex_open_detection_free_parser
0.00813,provider,1164,gpt_5_5_parser,1,77,p6__V2,1.8030425829999785,True,1783558847.854329,vortex_open_detection_free_parser
0.0081,provider,1170,gpt_5_5_parser,1,75,p6__V2,1.9392599170000722,True,1783558847.987809,vortex_open_detection_free_parser
0.008305,provider,1175,gpt_5_5_parser,1,81,p6__V2,1.9835659590000887,True,1783558848.032866,vortex_open_detection_free_parser
0.00817,provider,1178,gpt_5_5_parser,1,76,p6__V2,2.112842833000059,True,1783558848.164871,vortex_open_detection_free_parser
0.00817,provider,1178,gpt_5_5_parser,1,76,p6__V2,2.2298802919999616,True,1783558848.279834,vortex_open_detection_free_parser
0.00825,provider,1182,gpt_5_5_parser,1,78,p6__V2,3.198961000000054,True,1783558849.2464151,vortex_open_detection_free_parser
0.009645,provider,1203,gpt_5_5_parser,1,121,p6__V2,3.7707808749999003,True,1783558849.824849,vortex_open_detection_free_parser
0.00924,provider,1164,gpt_5_5_parser,1,114,p6__V2,3.9331104590000905,True,1783558849.986181,vortex_open_detection_free_parser
0.008225,provider,1183,gpt_5_5_parser,1,77,p6__V2,2.2781002079998416,True,1783558850.1382332,vortex_open_detection_free_parser
0.00944,provider,1192,gpt_5_5_parser,1,116,p6__V2,3.7292909999998756,True,1783558851.723068,vortex_open_detection_free_parser
0.011366,provider,3157,gemini_3_1_pro,1,421,p2__V2,6.1109606249999615,True,1783558224.336442,vortex_multilabel_classification
0.015722,provider,3157,gemini_3_1_pro,1,784,p2__V2,8.704521542000066,True,1783558226.957739,vortex_multilabel_classification
0.01583,provider,3157,gemini_3_1_pro,1,793,p2__V2,8.848125917000061,True,1783558227.113578,vortex_multilabel_classification
0.019478,provider,3157,gemini_3_1_pro,1,1097,p2__V2,11.149303166999971,True,1783558229.387317,vortex_multilabel_classification
0.018962,provider,3157,gemini_3_1_pro,1,1054,p2__V2,11.30796512500001,True,1783558229.536361,vortex_multilabel_classification
0.017978,provider,3157,gemini_3_1_pro,1,972,p2__V2,11.456452624999997,True,1783558229.703757,vortex_multilabel_classification
0.019586,provider,3157,gemini_3_1_pro,1,1106,p2__V2,12.118132457999991,True,1783558230.379005,vortex_multilabel_classification
0.015218,provider,3157,gemini_3_1_pro,1,742,p2__V2,8.197191916000065,True,1783558232.568128,vortex_multilabel_classification
0.022142,provider,3157,gemini_3_1_pro,1,1319,p2__V2,15.518589582999994,True,1783558233.7628129,vortex_multilabel_classification
0.01355,provider,3157,gemini_3_1_pro,1,603,p2__V2,7.1506371670000135,True,1783558234.131819,vortex_multilabel_classification
0.05884,provider,11113,claude_opus_4_8,1,131,p2__V2,4.2569207909999704,True,1783558212.886295,vortex_multilabel_classification
0.058565,provider,11113,claude_opus_4_8,1,120,p2__V2,4.286432291999972,True,1783558212.8913012,vortex_multilabel_classification
0.05809,provider,11113,claude_opus_4_8,1,101,p2__V2,4.304877292000015,True,1783558212.915839,vortex_multilabel_classification
0.05879,provider,11113,claude_opus_4_8,1,129,p2__V2,4.458812541999919,True,1783558213.079262,vortex_multilabel_classification
0.058815,provider,11113,claude_opus_4_8,1,130,p2__V2,5.024766833999934,True,1783558213.660685,vortex_multilabel_classification
0.061365,provider,11113,claude_opus_4_8,1,232,p2__V2,6.005072583000015,True,1783558214.60689,vortex_multilabel_classification
0.058515,provider,11113,claude_opus_4_8,1,118,p2__V2,6.149245999999948,True,1783558214.774587,vortex_multilabel_classification
0.058915,provider,11113,claude_opus_4_8,1,134,p2__V2,8.768810999999914,True,1783558217.4132109,vortex_multilabel_classification
0.058165,provider,11113,claude_opus_4_8,1,104,p2__V2,4.538978833999977,True,1783558217.450345,vortex_multilabel_classification
0.05864,provider,11113,claude_opus_4_8,1,123,p2__V2,5.268707625000047,True,1783558218.193242,vortex_multilabel_classification
0.000730548,provider,5929,qwen3_vl,1,81,p2__V2,1.478243042000031,True,1783558196.168823,vortex_multilabel_classification
0.000730548,provider,5929,qwen3_vl,1,81,p2__V2,1.507781207999983,True,1783558196.178317,vortex_multilabel_classification
0.000730548,provider,5929,qwen3_vl,1,81,p2__V2,2.0291414170000053,True,1783558196.725279,vortex_multilabel_classification
0.000730548,provider,5929,qwen3_vl,1,81,p2__V2,2.1626902919999793,True,1783558196.877314,vortex_multilabel_classification
0.000727363,provider,5929,qwen3_vl,1,74,p2__V2,1.505015458999992,True,1783558197.7111402,vortex_multilabel_classification
0.000729638,provider,5929,qwen3_vl,1,79,p2__V2,4.035266167000032,True,1783558198.736588,vortex_multilabel_classification
0.005269,provider,20803,qwen3_vl,1,91,p2__V2,6.374620375000063,True,1783558201.050752,vortex_multilabel_classification
0.000729638,provider,5929,qwen3_vl,1,79,p2__V2,10.547697291999953,True,1783558205.255697,vortex_multilabel_classification
0.000730093,provider,5929,qwen3_vl,1,80,p2__V2,10.666353415999993,True,1783558205.351413,vortex_multilabel_classification
0.005266,provider,20803,qwen3_vl,1,87,p2__V2,12.369099584000082,True,1783558208.568162,vortex_multilabel_classification
0.00918,provider,1422,gpt_5_5_parser,1,69,p3__V2,1.5711670000000595,True,1783558573.4697442,vortex_open_detection_strict_parser
0.00912,provider,1422,gpt_5_5_parser,1,67,p3__V2,1.683681249999836,True,1783558573.585959,vortex_open_detection_strict_parser
0.003115,provider,1421,gpt_5_5_parser,1,59,p3__V2,1.7227330830000938,True,1783558573.62136,vortex_open_detection_strict_parser
0.00342,provider,1422,gpt_5_5_parser,1,69,p3__V2,1.7513085830000819,True,1783558573.651737,vortex_open_detection_strict_parser
0.00918,provider,1422,gpt_5_5_parser,1,69,p3__V2,1.8514882919998854,True,1783558573.752655,vortex_open_detection_strict_parser
0.00918,provider,1422,gpt_5_5_parser,1,69,p3__V2,2.097817374999977,True,1783558573.996267,vortex_open_detection_strict_parser
0.00918,provider,1422,gpt_5_5_parser,1,69,p3__V2,2.1225722500000757,True,1783558574.02339,vortex_open_detection_strict_parser
0.009185,provider,1423,gpt_5_5_parser,1,69,p3__V2,2.3230579579999358,True,1783558574.221587,vortex_open_detection_strict_parser
0.003175,provider,1421,gpt_5_5_parser,1,61,p3__V2,1.6735148749999098,True,1783558575.265174,vortex_open_detection_strict_parser
0.010245,provider,1425,gpt_5_5_parser,1,104,p3__V2,3.119021291000081,True,1783558576.593768,vortex_open_detection_strict_parser
0.00925,provider,1430,gpt_5_5_parser,1,70,p3__V2,1.5814492500001052,True,1783558562.914623,vortex_open_detection_strict_parser
0.009445,provider,1433,gpt_5_5_parser,1,76,p3__V2,1.7327726669998356,True,1783558563.061465,vortex_open_detection_strict_parser
0.01072,provider,1436,gpt_5_5_parser,1,118,p3__V2,2.124416999999994,True,1783558563.454747,vortex_open_detection_strict_parser
0.009285,provider,1431,gpt_5_5_parser,1,71,p3__V2,2.1686907910000173,True,1783558563.500318,vortex_open_detection_strict_parser
0.0109,provider,1436,gpt_5_5_parser,1,124,p3__V2,2.310483917000056,True,1783558563.6425102,vortex_open_detection_strict_parser
0.011325,provider,1437,gpt_5_5_parser,1,138,p3__V2,2.9755607079998754,True,1783558564.307019,vortex_open_detection_strict_parser
0.01146,provider,1434,gpt_5_5_parser,1,143,p3__V2,3.204100457999857,True,1783558564.534498,vortex_open_detection_strict_parser
0.009375,provider,1431,gpt_5_5_parser,1,74,p3__V2,1.6472312089999832,True,1783558564.714205,vortex_open_detection_strict_parser
0.015955,provider,1433,gpt_5_5_parser,1,293,p3__V2,5.432633375000023,True,1783558568.3540878,vortex_open_detection_strict_parser
0.019485,provider,1437,gpt_5_5_parser,1,410,p3__V2,10.553710249999995,True,1783558571.887258,vortex_open_detection_strict_parser
0.009205,provider,1427,gpt_5_5_parser,1,69,p3__V2,1.4270257499999843,True,1783558556.898638,vortex_open_detection_strict_parser
0.003475,provider,1427,gpt_5_5_parser,1,70,p3__V2,1.4270466670000133,True,1783558556.903637,vortex_open_detection_strict_parser
0.009175,provider,1427,gpt_5_5_parser,1,68,p3__V2,1.44329129200014,True,1783558556.911925,vortex_open_detection_strict_parser
0.003415,provider,1427,gpt_5_5_parser,1,68,p3__V2,1.474162041999989,True,1783558556.9419782,vortex_open_detection_strict_parser
0.009175,provider,1427,gpt_5_5_parser,1,68,p3__V2,1.4863482089999707,True,1783558556.9577339,vortex_open_detection_strict_parser
0.003415,provider,1427,gpt_5_5_parser,1,68,p3__V2,1.6800102089998745,True,1783558557.152138,vortex_open_detection_strict_parser
0.009175,provider,1427,gpt_5_5_parser,1,68,p3__V2,2.4477631249999376,True,1783558557.916754,vortex_open_detection_strict_parser
0.01083,provider,1434,gpt_5_5_parser,1,122,p3__V2,2.2252816249999796,True,1783558559.133727,vortex_open_detection_strict_parser
0.01355,provider,1426,gpt_5_5_parser,1,214,p3__V2,4.414626541999951,True,1783558559.887392,vortex_open_detection_strict_parser
0.01362,provider,1434,gpt_5_5_parser,1,215,p3__V2,4.412716167000099,True,1783558561.318385,vortex_open_detection_strict_parser
0.012086,provider,2665,gemini_3_1_pro,1,563,p3__V2,7.013646083000026,True,1783558325.5107021,vortex_open_detection_strict
0.01469,provider,2665,gemini_3_1_pro,1,780,p3__V2,8.529914332999965,True,1783558327.045311,vortex_open_detection_strict
0.013106,provider,2665,gemini_3_1_pro,1,648,p3__V2,9.100936667000042,True,1783558327.579424,vortex_open_detection_strict
0.016442,provider,2665,gemini_3_1_pro,1,926,p3__V2,9.137309500000015,True,1783558327.625141,vortex_open_detection_strict
0.015962,provider,2665,gemini_3_1_pro,1,886,p3__V2,9.493376083000044,True,1783558327.9684632,vortex_open_detection_strict
0.017378,provider,2665,gemini_3_1_pro,1,1004,p3__V2,10.287798624999937,True,1783558328.790199,vortex_open_detection_strict
0.01643,provider,2665,gemini_3_1_pro,1,925,p3__V2,10.325006832999975,True,1783558328.832514,vortex_open_detection_strict
0.018518,provider,2665,gemini_3_1_pro,1,1099,p3__V2,10.392032707999988,True,1783558328.8855171,vortex_open_detection_strict
0.019202,provider,2665,gemini_3_1_pro,1,1156,p3__V2,11.221069332999946,True,1783558336.765152,vortex_open_detection_strict
0.021782,provider,2665,gemini_3_1_pro,1,1371,p3__V2,13.187158750000094,True,1783558340.256257,vortex_open_detection_strict
0.053325,provider,10425,claude_opus_4_8,1,48,p3__V2,3.24363920899998,True,1783558314.96449,vortex_open_detection_strict
0.053375,provider,10425,claude_opus_4_8,1,50,p3__V2,3.23635883299994,True,1783558314.968132,vortex_open_detection_strict
0.053525,provider,10425,claude_opus_4_8,1,56,p3__V2,3.348506666999924,True,1783558315.090801,vortex_open_detection_strict
0.05355,provider,10425,claude_opus_4_8,1,57,p3__V2,3.3896153749999485,True,1783558315.1262982,vortex_open_detection_strict
0.053325,provider,10425,claude_opus_4_8,1,48,p3__V2,3.513670208999997,True,1783558315.273719,vortex_open_detection_strict
0.053525,provider,10425,claude_opus_4_8,1,56,p3__V2,4.127230250000025,True,1783558315.863911,vortex_open_detection_strict
0.05325,provider,10425,claude_opus_4_8,1,45,p3__V2,4.436248999999975,True,1783558316.190231,vortex_open_detection_strict
0.053475,provider,10425,claude_opus_4_8,1,54,p3__V2,4.728353584000047,True,1783558316.444944,vortex_open_detection_strict
0.05335,provider,10425,claude_opus_4_8,1,49,p3__V2,3.26532624999993,True,1783558318.266159,vortex_open_detection_strict
0.053325,provider,10425,claude_opus_4_8,1,48,p3__V2,3.451169584000013,True,1783558318.441738,vortex_open_detection_strict
0.00066339,provider,5530,qwen3_vl,1,36,p3__V2,1.1805434579999883,True,1783558303.4943411,vortex_open_detection_strict
0.00066339,provider,5530,qwen3_vl,1,36,p3__V2,1.3912616669999807,True,1783558303.688312,vortex_open_detection_strict
0.00066339,provider,5530,qwen3_vl,1,36,p3__V2,1.632243874999972,True,1783558303.926709,vortex_open_detection_strict
0.00066339,provider,5530,qwen3_vl,1,36,p3__V2,1.7567522499999768,True,1783558304.060383,vortex_open_detection_strict
0.00066339,provider,5530,qwen3_vl,1,36,p3__V2,1.7719333750000033,True,1783558304.104501,vortex_open_detection_strict
0.00066339,provider,5530,qwen3_vl,1,36,p3__V2,1.8538597920000939,True,1783558304.174931,vortex_open_detection_strict
0.00066248,provider,5530,qwen3_vl,1,34,p3__V2,1.2263757089999672,True,1783558304.937247,vortex_open_detection_strict
0.00066339,provider,5530,qwen3_vl,1,36,p3__V2,1.526088624999943,True,1783558305.053544,vortex_open_detection_strict
0.00254545,provider,20539,qwen3_vl,1,42,p3__V2,5.050545042000067,True,1783558307.377652,vortex_open_detection_strict
0.00516625,provider,20539,qwen3_vl,1,42,p3__V2,9.373078875000033,True,1783558311.684085,vortex_open_detection_strict
